index,NO of ANIMALS,area ft,year,type,lat,lon,geometry
0,298630,spot-1,2011,african lion,24.18684743,51.08642578,POINT (51.08642578 24.18684743)
1,28559,spot-2,2011,african lion,20.71501515,50.31738281,POINT (50.31738281 20.71501515)
2,370,spot-3,2011,Swainsons Hawk,18.16673041,46.29638672,POINT (46.29638672 18.16673041)
3,15864,spot-4,2011,SNAKES,19.80805413,41.37451172,POINT (41.37451172 19.80805413)
4,96953,spot-5,2011,SNAKES,27.000408,46.20849609,POINT (46.20849609 27.000408)
5,10462,spot-6,2011,TIGERS,22.87744046,46.09863281,POINT (46.09863281 22.87744046)
6,2639,spot-7,2011,SNAKES,19.40961155,48.49365234,POINT (48.49365234 19.40961155)
7,5678,spot-8,2011,SNAKES,21.90227797,48.40576172,POINT (48.40576172 21.90227797)
8,19048,spot-9,2011,african lion,22.41102852,50.64697266,POINT (50.64697266 22.41102852)
9,2960,spot-10,2011,african lion,19.72534225,46.58203125,POINT (46.58203125 19.72534225)
10,4398,spot-11,2011,DESER -lizard,29.50176863,39.9407959,POINT (39.9407959 29.50176863)
11,968,spot-12,2011,african lion,19.9091239,47.81799316,POINT (47.81799316 19.9091239)
12,969,spot-13,2011,SNAKES,27.73702278,39.17449951,POINT (39.17449951 27.73702278)
13,970,spot-14,2011,Swainsons Hawk,21.94304553,54.31640625,POINT (54.31640625 21.94304553)
14,971,spot-15,2011,DESER -lizard,22.20774918,53.85498047,POINT (53.85498047 22.20774918)
15,972,spot-16,2011,Swainsons Hawk,22.12635476,54.11865234,POINT (54.11865234 22.12635476)
16,973,spot-17,2011,Swainsons Hawk,22.2446155,54.03076172,POINT (54.03076172 22.2446155)
17,974,spot-18,2011,CHETAH ,22.16197061,54.30541992,POINT (54.30541992 22.16197061)
18,370,spot-19,2011,CHETAH ,21.26378062,52.9486084,POINT (52.9486084 21.26378062)
19,15864,spot-20,2011,BROWN BEAR,21.37124437,52.86621094,POINT (52.86621094 21.37124437)
20,96953,spot-21,2011,CHETAH ,19.89072302,47.74246216,POINT (47.74246216 19.89072302)
21,10462,spot-22,2011,CHETAH ,19.8687683,47.66418457,POINT (47.66418457 19.8687683)
22,2639,spot-23,2011,Swainsons Hawk,19.95785975,47.60375977,POINT (47.60375977 19.95785975)
23,5678,spot-24,2011,Swainsons Hawk,20.07012076,47.64083862,POINT (47.64083862 20.07012076)
24,96953,spot-25,2011,Swainsons Hawk,19.94366013,47.40600586,POINT (47.40600586 19.94366013)
25,96953,spot-26,2011,DESER -lizard,18.49002857,46.41723633,POINT (46.41723633 18.49002857)
26,974,spot-27,2011,Swainsons Hawk,19.63224019,46.41723633,POINT (46.41723633 19.63224019)
27,974,spot-28,2011,Swainsons Hawk,24.66449041,50.20751953,POINT (50.20751953 24.66449041)
28,96953,spot-29,2011,african lion,24.77426616,50.21850586,POINT (50.21850586 24.77426616)
29,96953,spot-30,2011,african lion,24.72235305,50.00101089,POINT (50.00101089 24.72235305)
30,15864,spot-31,2011,MONKEYS,24.71658359,50.01749039,POINT (50.01749039 24.71658359)
31,15864,spot-32,2011,african lion,24.73669758,50.01817703,POINT (50.01817703 24.73669758)
32,15864,spot-33,2011,african lion,24.90138485,49.9822998,POINT (49.9822998 24.90138485)
33,2639,spot-34,2011,SNAKES,24.10539365,51.10290527,POINT (51.10290527 24.10539365)
34,15864,spot-35,2011,SNAKES,24.13672817,50.98068237,POINT (50.98068237 24.13672817)
35,15864,spot-36,2011,SNAKES,19.9328482,51.01552963,POINT (51.01552963 19.9328482)
36,96953,spot-37,2011,SNAKES,19.87845458,50.96420288,POINT (50.96420288 19.87845458)
37,96953,spot-38,2011,african lion,19.85972723,51.12487793,POINT (51.12487793 19.85972723)
38,972,spot-39,2011,Swainsons Hawk,20.02496792,51.14685059,POINT (51.14685059 20.02496792)
39,973,spot-40,2011,Swainsons Hawk,20.98708558,51.59729004,POINT (51.59729004 20.98708558)
40,974,spot-41,2011,Swainsons Hawk,28.34729514,40.74108124,POINT (40.74108124 28.34729514)
41,370,spot-42,2011,MONKEYS,28.35938059,40.75481415,POINT (40.75481415 28.35938059)
42,15864,spot-43,2011,Swainsons Hawk,28.32312011,40.9412384,POINT (40.9412384 28.32312011)
43,96953,spot-44,2011,Red-tail Hawk,28.453298,40.89694977,POINT (40.89694977 28.453298)
44,10462,spot-45,2011,Red-tail Hawk,28.47985758,40.95891953,POINT (40.95891953 28.47985758)
45,2639,spot-46,2011,Swainsons Hawk,29.05136777,40.43518066,POINT (40.43518066 29.05136777)
46,5678,spot-47,2011,Swainsons Hawk,26.72843994,45.85487366,POINT (45.85487366 26.72843994)
47,96953,spot-48,2011,Swainsons Hawk,26.76461749,45.82878113,POINT (45.82878113 26.76461749)
48,96953,spot-49,2011,Swainsons Hawk,26.85838014,45.87409973,POINT (45.87409973 26.85838014)
49,974,spot-50,2011,SNAKES,26.77503939,44.65393066,POINT (44.65393066 26.77503939)
50,974,spot-51,2011,SNAKES,26.56887655,45.8404541,POINT (45.8404541 26.56887655)
51,96953,spot-52,2011,SNAKES,26.91962097,44.6182251,POINT (44.6182251 26.91962097)
52,96953,spot-53,2011,BROWN BEAR,28.57246199,41.76727295,POINT (41.76727295 28.57246199)
53,15864,spot-54,2011,BROWN BEAR,28.77006667,41.70135498,POINT (41.70135498 28.77006667)
54,15864,spot-55,2011,DESER -lizard,27.96529492,41.49261475,POINT (41.49261475 27.96529492)
55,15864,spot-56,2011,BROWN BEAR,28.12528332,39.67987061,POINT (39.67987061 28.12528332)
56,2639,spot-57,2011,BROWN BEAR,29.42576829,38.07337761,POINT (38.07337761 29.42576829)
57,15864,spot-58,2011,Swainsons Hawk,29.29118984,38.10745239,POINT (38.10745239 29.29118984)
58,15864,spot-59,2011,Swainsons Hawk,29.38397002,38.15208435,POINT (38.15208435 29.38397002)
59,96953,spot-60,2011,MONKEYS,29.36183017,38.01132202,POINT (38.01132202 29.36183017)
60,96953,spot-61,2011,Swainsons Hawk,18.70739089,44.85580444,POINT (44.85580444 18.70739089)
61,2960,spot-62,2011,Swainsons Hawk,19.55461389,44.48364258,POINT (44.48364258 19.55461389)
62,4398,spot-63,2011,Red-tail Hawk,20.75611387,44.92858887,POINT (44.92858887 20.75611387)
63,968,spot-64,2011,Swainsons Hawk,21.3456649,43.17077637,POINT (43.17077637 21.3456649)
64,969,spot-65,2011,CHETAH ,22.21792017,43.11035156,POINT (43.11035156 22.21792017)
65,970,spot-66,2011,CHETAH ,22.25859674,42.6763916,POINT (42.6763916 22.25859674)
66,971,spot-67,2011,DESER -lizard,22.60386884,42.87963867,POINT (42.87963867 22.60386884)
67,972,spot-68,2011,CHETAH ,25.09492671,42.75226593,POINT (42.75226593 25.09492671)
68,973,spot-69,2011,CHETAH ,25.15585092,42.7337265,POINT (42.7337265 25.15585092)
69,974,spot-70,2011,african lion,25.1418659,42.71003723,POINT (42.71003723 25.1418659)
70,370,spot-71,2011,african lion,25.1145128,42.84187317,POINT (42.84187317 25.1145128)
71,15864,spot-72,2011,african lion,25.08031282,42.91122437,POINT (42.91122437 25.08031282)
72,96953,spot-73,2011,MONKEYS,24.67197819,48.12561035,POINT (48.12561035 24.67197819)
73,10462,spot-74,2011,african lion,23.99628979,48.37280273,POINT (48.37280273 23.99628979)
74,2639,spot-75,2011,african lion,22.93310075,48.25744629,POINT (48.25744629 22.93310075)
75,298630,spot-76,2011,TIGERS,23.40780608,48.32885742,POINT (48.32885742 23.40780608)
76,28559,spot-77,2011,TIGERS,24.52713482,48.14758301,POINT (48.14758301 24.52713482)
77,370,spot-78,2011,DESER -lizard,25.03086141,48.02124023,POINT (48.02124023 25.03086141)
78,15864,spot-79,2011,TIGERS,25.05076878,48.25195313,POINT (48.25195313 25.05076878)
79,96953,spot-80,2011,TIGERS,25.47799232,44.47265625,POINT (44.47265625 25.47799232)
80,10462,spot-81,2011,african lion,25.44079439,44.57427979,POINT (44.57427979 25.44079439)
81,2639,spot-82,2011,Swainsons Hawk,25.51517874,45.09613037,POINT (45.09613037 25.51517874)
82,5678,spot-83,2011,Swainsons Hawk,25.67123583,44.94781494,POINT (44.94781494 25.67123583)
83,19048,spot-84,2011,Red-tail Hawk,25.14279829,44.77478027,POINT (44.77478027 25.14279829)
84,2960,spot-85,2011,Swainsons Hawk,25.72073513,43.98651123,POINT (43.98651123 25.72073513)
85,4398,spot-86,2011,Swainsons Hawk,25.90679155,40.46779633,POINT (40.46779633 25.90679155)
86,968,spot-87,2011,Swainsons Hawk,25.93581714,40.62469482,POINT (40.62469482 25.93581714)
87,969,spot-88,2011,Swainsons Hawk,26.25893609,40.25939941,POINT (40.25939941 26.25893609)
88,970,spot-89,2011,Red-tail Hawk,26.74561038,40.63293457,POINT (40.63293457 26.74561038)
89,971,spot-90,2011,Red-tail Hawk,26.50498883,38.99047852,POINT (38.99047852 26.50498883)
90,972,spot-91,2011,Red-tail Hawk,26.18008872,38.63342285,POINT (38.63342285 26.18008872)
91,973,spot-92,2011,Swainsons Hawk,26.69654511,40.11657715,POINT (40.11657715 26.69654511)
92,974,spot-93,2011,Swainsons Hawk,23.52590358,38.97760391,POINT (38.97760391 23.52590358)
93,370,spot-94,2011,MONKEYS,23.49638911,38.92507553,POINT (38.92507553 23.49638911)
94,15864,spot-95,2011,MONKEYS,23.49536583,38.96052361,POINT (38.96052361 23.49536583)
95,96953,spot-96,2011,BROWN BEAR,23.52070951,38.94318581,POINT (38.94318581 23.52070951)
96,10462,spot-97,2011,DESER -lizard,23.441514,38.91838074,POINT (38.91838074 23.441514)
97,2639,spot-98,2011,BROWN BEAR,23.47174931,38.95133972,POINT (38.95133972 23.47174931)
98,5678,spot-99,2011,BROWN BEAR,23.49095773,38.94138336,POINT (38.94138336 23.49095773)
99,96953,spot-100,2011,Swainsons Hawk,23.57531564,38.94824982,POINT (38.94824982 23.57531564)
100,96953,spot-101,2011,Swainsons Hawk,24.63297439,40.97316742,POINT (40.97316742 24.63297439)
101,974,spot-102,2011,Swainsons Hawk,24.61206334,40.98724365,POINT (40.98724365 24.61206334)
102,974,spot-103,2011,Red-tail Hawk,24.58490496,40.86639404,POINT (40.86639404 24.58490496)
103,96953,spot-104,2011,Swainsons Hawk,24.68227316,40.87944031,POINT (40.87944031 24.68227316)
104,96953,spot-105,2011,Swainsons Hawk,24.78455266,40.96630096,POINT (40.96630096 24.78455266)
105,15864,spot-106,2011,Red-tail Hawk,24.85030381,40.88493347,POINT (40.88493347 24.85030381)
106,15864,spot-107,2011,Red-tail Hawk,24.9636502,41.04629517,POINT (41.04629517 24.9636502)
107,15864,spot-108,2011,Red-tail Hawk,23.23125092,49.58129883,POINT (49.58129883 23.23125092)
108,2639,spot-109,2011,Swainsons Hawk,22.88756222,51.89941406,POINT (51.89941406 22.88756222)
109,15864,spot-110,2011,Red-tail Hawk,20.27250325,54.43725586,POINT (54.43725586 20.27250325)
110,15864,spot-111,2011,Red-tail Hawk,28.26175131,36.98719025,POINT (36.98719025 28.26175131)
111,96953,spot-112,2011,SNAKES,28.35786998,36.96762085,POINT (36.96762085 28.35786998)
112,96953,spot-113,2011,SNAKES,28.38113093,37.05482483,POINT (37.05482483 28.38113093)
113,972,spot-114,2011,SNAKES,28.39124936,37.01242447,POINT (37.01242447 28.39124936)
114,973,spot-115,2011,SNAKES,28.31118166,36.96950912,POINT (36.96950912 28.31118166)
115,974,spot-116,2011,SNAKES,28.3010556,36.98513031,POINT (36.98513031 28.3010556)
116,370,spot-117,2011,Red-tail Hawk,28.32599118,37.04675674,POINT (37.04675674 28.32599118)
117,15864,spot-118,2011,Swainsons Hawk,28.30800793,42.75466919,POINT (42.75466919 28.30800793)
118,96953,spot-119,2011,DESER -lizard,28.32735114,42.16827393,POINT (42.16827393 28.32735114)
119,10462,spot-120,2011,DESER -lizard,28.11074876,42.43743896,POINT (42.43743896 28.11074876)
120,2639,spot-121,2011,DESER -lizard,27.97984915,42.73956299,POINT (42.73956299 27.97984915)
121,5678,spot-122,2011,DESER -lizard,28.83745598,42.94281006,POINT (42.94281006 28.83745598)
122,96953,spot-123,2011,african lion,28.71467859,41.75628662,POINT (41.75628662 28.71467859)
123,96953,spot-124,2011,african lion,28.13981591,41.90734863,POINT (41.90734863 28.13981591)
124,974,spot-125,2011,african lion,27.93375402,39.73480225,POINT (39.73480225 27.93375402)
125,974,spot-126,2011,DESER -lizard,27.63487379,39.50683594,POINT (39.50683594 27.63487379)
126,96953,spot-127,2011,DESER -lizard,28.03562216,39.28985596,POINT (39.28985596 28.03562216)
127,96953,spot-128,2011,DESER -lizard,27.93860706,39.41619873,POINT (39.41619873 27.93860706)
128,15864,spot-129,2011,Swainsons Hawk,27.93375402,38.98223877,POINT (38.98223877 27.93375402)
129,15864,spot-130,2011,Swainsons Hawk,27.54237104,39.17724609,POINT (39.17724609 27.54237104)
130,15864,spot-131,2011,Red-tail Hawk,27.46685052,38.1362915,POINT (38.1362915 27.46685052)
131,2639,spot-132,2011,Swainsons Hawk,27.32785515,39.50134277,POINT (39.50134277 27.32785515)
132,15864,spot-133,2011,Red-tail Hawk,29.44916483,40.46264648,POINT (40.46264648 29.44916483)
133,15864,spot-134,2011,Swainsons Hawk,29.52567043,40.20996094,POINT (40.20996094 29.52567043)
134,96953,spot-135,2011,Red-tail Hawk,29.42046034,40.25390625,POINT (40.25390625 29.42046034)
135,96953,spot-136,2011,MONKEYS,29.35345167,40.11108398,POINT (40.11108398 29.35345167)
136,2960,spot-137,2011,MONKEYS,28.86391843,43.36303711,POINT (43.36303711 28.86391843)
137,4398,spot-138,2011,MONKEYS,28.89277886,43.1652832,POINT (43.1652832 28.89277886)
138,968,spot-139,2011,MONKEYS,27.4107857,44.85717773,POINT (44.85717773 27.4107857)
139,969,spot-140,2011,BROWN BEAR,27.36201055,44.91210938,POINT (44.91210938 27.36201055)
140,970,spot-141,2011,BROWN BEAR,27.29368922,44.85717773,POINT (44.85717773 27.29368922)
141,971,spot-142,2011,BROWN BEAR,27.47903475,44.60449219,POINT (44.60449219 27.47903475)
142,972,spot-143,2011,SNAKES,27.29368922,44.69238281,POINT (44.69238281 27.29368922)
143,973,spot-144,2011,SNAKES,27.33273514,44.42871094,POINT (44.42871094 27.33273514)
144,974,spot-145,2012,SNAKES,23.30946857,43.83270264,POINT (43.83270264 23.30946857)
145,370,spot-146,2012,SNAKES,23.3674713,43.71459961,POINT (43.71459961 23.3674713)
146,15864,spot-147,2012,Swainsons Hawk,23.56398713,43.54156494,POINT (43.54156494 23.56398713)
147,96953,spot-148,2012,Swainsons Hawk,23.65710364,43.40423584,POINT (43.40423584 23.65710364)
148,10462,spot-149,2012,Red-tail Hawk,23.34225584,43.08288574,POINT (43.08288574 23.34225584)
149,2639,spot-150,2012,DESER -lizard,23.29181053,43.06640625,POINT (43.06640625 23.29181053)
150,298630,spot-151,2012,DESER -lizard,26.22444695,47.08740234,POINT (47.08740234 26.22444695)
151,28559,spot-152,2012,DESER -lizard,26.76032584,48.34533691,POINT (48.34533691 26.76032584)
152,370,spot-153,2012,MONKEYS,26.75051575,48.15582275,POINT (48.15582275 26.75051575)
153,15864,spot-154,2012,MONKEYS,26.8975781,48.07067871,POINT (48.07067871 26.8975781)
154,96953,spot-155,2012,MONKEYS,26.67691308,48.39202881,POINT (48.39202881 26.67691308)
155,10462,spot-156,2012,MONKEYS,26.92941643,47.33459473,POINT (47.33459473 26.92941643)
156,2639,spot-157,2012,CHETAH ,26.51727769,46.63970947,POINT (46.63970947 26.51727769)
157,5678,spot-158,2012,CHETAH ,22.05509605,50.98754883,POINT (50.98754883 22.05509605)
158,19048,spot-159,2012,Swainsons Hawk,22.03472982,50.41625977,POINT (50.41625977 22.03472982)
159,2960,spot-160,2012,Swainsons Hawk,22.18740499,50.7019043,POINT (50.7019043 22.18740499)
160,4398,spot-161,2012,Red-tail Hawk,22.97862397,49.77905273,POINT (49.77905273 22.97862397)
161,968,spot-162,2012,Swainsons Hawk,23.29181053,50.66894531,POINT (50.66894531 23.29181053)
162,969,spot-163,2015,Swainsons Hawk,22.56329324,46.08764648,POINT (46.08764648 22.56329324)
163,970,spot-164,2015,african lion,22.76605147,45.75805664,POINT (45.75805664 22.76605147)
164,971,spot-165,2015,african lion,21.534847,45.58227539,POINT (45.58227539 21.534847)
165,972,spot-166,2015,african lion,20.45081927,39.90646362,POINT (39.90646362 20.45081927)
166,973,spot-167,2015,african lion,20.55950992,39.764328,POINT (39.764328 20.55950992)
167,974,spot-168,2015,BROWN BEAR,20.54600818,39.81788635,POINT (39.81788635 20.54600818)
168,370,spot-169,2015,african lion,20.46368609,39.8034668,POINT (39.8034668 20.46368609)
169,15864,spot-170,2015,african lion,20.38260715,40.01014709,POINT (40.01014709 20.38260715)
170,96953,spot-171,2015,african lion,20.57751039,39.9785614,POINT (39.9785614 20.57751039)
171,10462,spot-172,2015,Swainsons Hawk,22.3046614,39.46846962,POINT (39.46846962 22.3046614)
172,2639,spot-173,2015,Swainsons Hawk,22.31196681,39.40074921,POINT (39.40074921 22.31196681)
173,5678,spot-174,2015,Swainsons Hawk,22.23444645,39.43817139,POINT (39.43817139 22.23444645)
174,96953,spot-175,2015,Swainsons Hawk,22.36404649,39.48108673,POINT (39.48108673 22.36404649)
175,96953,spot-176,2015,Swainsons Hawk,22.3510284,39.4474411,POINT (39.4474411 22.3510284)
176,974,spot-177,2015,Swainsons Hawk,27.45466494,37.95913696,POINT (37.95913696 27.45466494)
177,974,spot-178,2015,Swainsons Hawk,27.43028974,38.27362061,POINT (38.27362061 27.43028974)
178,96953,spot-179,2015,DESER -lizard,27.39859393,38.09509277,POINT (38.09509277 27.39859393)
179,96953,spot-180,2015,DESER -lizard,28.97931204,40.30883789,POINT (40.30883789 28.97931204)
180,15864,spot-181,2015,DESER -lizard,30.01203068,40.36376953,POINT (40.36376953 30.01203068)
181,15864,spot-182,2015,Swainsons Hawk,28.64238916,36.09008789,POINT (36.09008789 28.64238916)
182,15864,spot-183,2019,Red-tail Hawk,28.74839657,35.82641602,POINT (35.82641602 28.74839657)
183,2639,spot-184,2019,Red-tail Hawk,28.92163128,36.00219727,POINT (36.00219727 28.92163128)
184,15864,spot-185,2019,Swainsons Hawk,19.79804052,41.3817215,POINT (41.3817215 19.79804052)
185,15864,spot-186,2019,Red-tail Hawk,19.79900961,41.37039185,POINT (41.37039185 19.79900961)
186,96953,spot-187,2019,Red-tail Hawk,19.83389278,41.38034821,POINT (41.38034821 19.83389278)
187,96953,spot-188,2019,Red-tail Hawk,20.75868217,41.95953369,POINT (41.95953369 20.75868217)
188,972,spot-189,2019,Swainsons Hawk,20.82544264,41.96365356,POINT (41.96365356 20.82544264)
189,973,spot-190,2019,Swainsons Hawk,20.76895494,42.10510254,POINT (42.10510254 20.76895494)
190,974,spot-191,2019,Swainsons Hawk,21.02682814,43.22433472,POINT (43.22433472 21.02682814)
191,370,spot-192,2019,Swainsons Hawk,20.92167967,42.90985107,POINT (42.90985107 20.92167967)
192,15864,spot-193,2019,Swainsons Hawk,20.91783137,43.16390991,POINT (43.16390991 20.91783137)
193,96953,spot-194,2019,Red-tail Hawk,21.00375311,43.04443359,POINT (43.04443359 21.00375311)
194,10462,spot-195,2019,Swainsons Hawk,20.72143756,43.03344727,POINT (43.03344727 20.72143756)
195,2639,spot-196,2019,Swainsons Hawk,20.86394485,43.11584473,POINT (43.11584473 20.86394485)
196,5678,spot-197,2019,Swainsons Hawk,21.29065393,43.00323486,POINT (43.00323486 21.29065393)
197,96953,spot-198,2019,Red-tail Hawk,20.96785152,43.00872803,POINT (43.00872803 20.96785152)
198,96953,spot-199,2019,MONKEYS,21.15879981,43.074646,POINT (43.074646 21.15879981)
199,974,spot-200,2019,MONKEYS,21.22794191,43.58413696,POINT (43.58413696 21.22794191)
200,974,spot-201,2019,MONKEYS,21.49907462,43.15292358,POINT (43.15292358 21.49907462)
201,96953,spot-202,2019,MONKEYS,21.86149873,43.04992676,POINT (43.04992676 21.86149873)
202,96953,spot-203,2019,DESER -lizard,22.41102852,43.07739258,POINT (43.07739258 22.41102852)
203,15864,spot-204,2019,DESER -lizard,22.76098617,44.01123047,POINT (44.01123047 22.76098617)
204,15864,spot-205,2019,DESER -lizard,22.98873816,44.79125977,POINT (44.79125977 22.98873816)
205,15864,spot-206,2019,Swainsons Hawk,24.28953034,47.05993652,POINT (47.05993652 24.28953034)
206,2639,spot-207,2019,Swainsons Hawk,24.39588235,46.96655273,POINT (46.96655273 24.39588235)
207,15864,spot-208,2019,Swainsons Hawk,24.21816197,46.88415527,POINT (46.88415527 24.21816197)
208,15864,spot-209,2019,Swainsons Hawk,24.23945147,47.09976196,POINT (47.09976196 24.23945147)
209,96953,spot-210,2019,Swainsons Hawk,24.33958947,46.925354,POINT (46.925354 24.33958947)
210,96953,spot-211,2019,Swainsons Hawk,24.34959892,46.49551392,POINT (46.49551392 24.34959892)
211,2960,spot-212,2019,Swainsons Hawk,24.20688962,46.48864746,POINT (46.48864746 24.20688962)
212,4398,spot-213,2019,Swainsons Hawk,25.04828054,47.74383545,POINT (47.74383545 25.04828054)
213,968,spot-214,2019,BROWN BEAR,25.7553724,47.11486816,POINT (47.11486816 25.7553724)
214,969,spot-215,2019,BROWN BEAR,26.06171762,46.78527832,POINT (46.78527832 26.06171762)
215,970,spot-216,2019,BROWN BEAR,26.03704189,47.05993652,POINT (47.05993652 26.03704189)
216,971,spot-217,2019,MONKEYS,26.17515899,47.01049805,POINT (47.01049805 26.17515899)
217,972,spot-218,2019,MONKEYS,26.00742416,47.59277344,POINT (47.59277344 26.00742416)
218,973,spot-219,2019,MONKEYS,26.2490831,47.23571777,POINT (47.23571777 26.2490831)
219,974,spot-220,2019,MONKEYS,18.89589256,48.29589844,POINT (48.29589844 18.89589256)
220,370,spot-221,2019,SNAKES,18.96863654,49.24621582,POINT (49.24621582 18.96863654)
221,15864,spot-222,2019,SNAKES,19.19705344,49.02099609,POINT (49.02099609 19.19705344)
222,96953,spot-223,2019,SNAKES,19.01019029,50.20202637,POINT (50.20202637 19.01019029)
223,10462,spot-224,2019,SNAKES,19.58049348,49.85595703,POINT (49.85595703 19.58049348)
224,2639,spot-225,2019,TIGERS,19.13478919,49.74609375,POINT (49.74609375 19.13478919)
225,298630,spot-226,2019,TIGERS,17.26148214,47.34558105,POINT (47.34558105 17.26148214)
226,28559,spot-227,2019,TIGERS,17.1197925,47.3236084,POINT (47.3236084 17.1197925)
227,370,spot-228,2019,TIGERS,17.21951133,46.95007324,POINT (46.95007324 17.21951133)
228,15864,spot-229,2019,TIGERS,17.4973894,46.80175781,POINT (46.80175781 17.4973894)
229,96953,spot-230,2019,african lion,17.60213912,47.26318359,POINT (47.26318359 17.60213912)
230,10462,spot-231,2019,african lion,17.58119403,46.98303223,POINT (46.98303223 17.58119403)
231,2639,spot-232,2019,Swainsons Hawk,17.58119403,44.61547852,POINT (44.61547852 17.58119403)
232,5678,spot-233,2019,SNAKES,17.8951143,44.01123047,POINT (44.01123047 17.8951143)
233,19048,spot-234,2019,SNAKES,17.62308179,44.06616211,POINT (44.06616211 17.62308179)
234,2960,spot-235,2019,TIGERS,17.87943139,44.41772461,POINT (44.41772461 17.87943139)
235,4398,spot-236,2019,SNAKES,18.03619806,44.87915039,POINT (44.87915039 18.03619806)
236,968,spot-237,2019,SNAKES,17.80622614,44.94506836,POINT (44.94506836 17.80622614)
237,969,spot-238,2019,african lion,19.92687711,43.48937988,POINT (43.48937988 19.92687711)
238,970,spot-239,2019,african lion,19.92816818,43.54431152,POINT (43.54431152 19.92816818)
239,971,spot-240,2019,DESER -lizard,19.91138351,43.51135254,POINT (43.51135254 19.91138351)
240,972,spot-241,2019,african lion,20.40384624,43.57315063,POINT (43.57315063 20.40384624)
241,973,spot-242,2019,SNAKES,20.41542996,43.47564697,POINT (43.47564697 20.41542996)
242,974,spot-243,2019,Swainsons Hawk,20.37295205,43.54705811,POINT (43.54705811 20.37295205)
243,370,spot-244,2019,DESER -lizard,20.21452239,43.32733154,POINT (43.32733154 20.21452239)
244,15864,spot-245,2019,Swainsons Hawk,20.1771455,43.30123901,POINT (43.30123901 20.1771455)
245,96953,spot-246,2019,Swainsons Hawk,20.17198936,43.31359863,POINT (43.31359863 20.17198936)
246,10462,spot-247,2019,CHETAH ,20.24673665,43.62121582,POINT (43.62121582 20.24673665)
247,2639,spot-248,2019,CHETAH ,20.28409682,43.72009277,POINT (43.72009277 20.28409682)
248,5678,spot-249,2019,BROWN BEAR,20.36908984,43.13232422,POINT (43.13232422 20.36908984)
249,96953,spot-250,2019,CHETAH ,20.67519012,43.39599609,POINT (43.39599609 20.67519012)
250,96953,spot-251,2019,CHETAH ,20.65077606,43.56079102,POINT (43.56079102 20.65077606)
251,974,spot-252,2019,Swainsons Hawk,20.67133553,43.65829468,POINT (43.65829468 20.67133553)
252,974,spot-253,2019,Swainsons Hawk,20.59807975,43.40423584,POINT (43.40423584 20.59807975)
253,96953,spot-254,2019,Swainsons Hawk,20.649491,43.46466064,POINT (43.46466064 20.649491)
254,96953,spot-255,2019,DESER -lizard,21.80923332,45.41885376,POINT (45.41885376 21.80923332)
255,15864,spot-256,2019,Swainsons Hawk,21.86277326,45.48339844,POINT (45.48339844 21.86277326)
256,15864,spot-257,2019,Swainsons Hawk,21.97870757,45.39276123,POINT (45.39276123 21.97870757)
257,15864,spot-258,2019,african lion,21.88316415,45.28839111,POINT (45.28839111 21.88316415)
258,2639,spot-259,2019,african lion,21.99271521,45.53421021,POINT (45.53421021 21.99271521)
259,15864,spot-260,2019,MONKEYS,21.9188412,45.41748047,POINT (45.41748047 21.9188412)
260,15864,spot-261,2019,african lion,21.68295287,45.24719238,POINT (45.24719238 21.68295287)
261,96953,spot-262,2019,african lion,21.55528441,45.41061401,POINT (45.41061401 21.55528441)
262,96953,spot-263,2019,SNAKES,21.41471922,45.184021,POINT (45.184021 21.41471922)
263,972,spot-264,2019,SNAKES,21.45434677,45.24169922,POINT (45.24169922 21.45434677)
264,973,spot-265,2019,SNAKES,21.75949973,45.19363403,POINT (45.19363403 21.75949973)
265,974,spot-266,2019,SNAKES,21.95960402,45.24993896,POINT (45.24993896 21.95960402)
266,370,spot-267,2019,african lion,21.67784829,48.76831055,POINT (48.76831055 21.67784829)
267,15864,spot-268,2019,Swainsons Hawk,21.11012488,48.25744629,POINT (48.25744629 21.11012488)
268,96953,spot-269,2019,Swainsons Hawk,21.61657934,47.90039063,POINT (47.90039063 21.61657934)
269,10462,spot-270,2019,Swainsons Hawk,21.47351753,48.50463867,POINT (48.50463867 21.47351753)
270,2639,spot-271,2019,MONKEYS,22.37039634,49.17480469,POINT (49.17480469 22.37039634)
271,5678,spot-272,2019,Swainsons Hawk,22.20266341,49.5098877,POINT (49.5098877 22.20266341)
272,96953,spot-273,2019,Red-tail Hawk,22.1059988,49.11987305,POINT (49.11987305 22.1059988)
273,96953,spot-274,2019,Red-tail Hawk,21.85640051,49.38354492,POINT (49.38354492 21.85640051)
274,974,spot-275,2019,Swainsons Hawk,22.2992615,48.29040527,POINT (48.29040527 22.2992615)
275,974,spot-276,2019,Swainsons Hawk,22.18231848,48.73535156,POINT (48.73535156 22.18231848)
276,96953,spot-277,2019,Swainsons Hawk,22.47195451,49.56481934,POINT (49.56481934 22.47195451)
277,96953,spot-278,2019,Swainsons Hawk,22.61401087,49.09790039,POINT (49.09790039 22.61401087)
278,15864,spot-279,2019,SNAKES,22.5227057,48.73535156,POINT (48.73535156 22.5227057)
279,15864,spot-280,2019,SNAKES,22.43134016,49.0045166,POINT (49.0045166 22.43134016)
280,15864,spot-281,2019,SNAKES,22.34245484,48.77380371,POINT (48.77380371 22.34245484)
281,2639,spot-282,2019,BROWN BEAR,22.62415216,48.23822021,POINT (48.23822021 22.62415216)
282,15864,spot-283,2019,BROWN BEAR,21.95068815,48.84796143,POINT (48.84796143 21.95068815)
283,15864,spot-284,2019,DESER -lizard,21.99398856,48.18054199,POINT (48.18054199 21.99398856)
284,96953,spot-285,2019,BROWN BEAR,22.05509605,48.17779541,POINT (48.17779541 22.05509605)
285,96953,spot-286,2019,BROWN BEAR,22.11108807,47.91824341,POINT (47.91824341 22.11108807)
286,2960,spot-287,2019,Swainsons Hawk,22.34626538,48.1022644,POINT (48.1022644 22.34626538)
287,4398,spot-288,2019,Swainsons Hawk,22.24715765,48.1187439,POINT (48.1187439 22.24715765)
288,968,spot-289,2019,MONKEYS,22.3869046,48.23272705,POINT (48.23272705 22.3869046)
289,969,spot-290,2019,Swainsons Hawk,22.45037961,48.0871582,POINT (48.0871582 22.45037961)
290,970,spot-291,2019,Swainsons Hawk,22.31831903,48.19152832,POINT (48.19152832 22.31831903)
291,971,spot-292,2019,Red-tail Hawk,22.28020137,48.02947998,POINT (48.02947998 22.28020137)
292,972,spot-293,2019,Swainsons Hawk,22.35896641,48.2862854,POINT (48.2862854 22.35896641)
293,973,spot-294,2019,CHETAH ,21.64721707,54.08569336,POINT (54.08569336 21.64721707)
294,974,spot-295,2019,CHETAH ,21.6574282,54.5690918,POINT (54.5690918 21.6574282)
295,370,spot-296,2019,DESER -lizard,21.2996106,54.94262695,POINT (54.94262695 21.2996106)
296,15864,spot-297,2019,CHETAH ,21.16648386,54.66796875,POINT (54.66796875 21.16648386)
297,96953,spot-298,2019,CHETAH ,21.11524931,54.34936523,POINT (54.34936523 21.11524931)
298,10462,spot-299,2019,african lion,22.33991443,53.40454102,POINT (53.40454102 22.33991443)
299,2639,spot-300,2019,african lion,22.20774918,52.77832031,POINT (52.77832031 22.20774918)
300,298630,spot-301,2019,african lion,21.14599216,53.54736328,POINT (53.54736328 21.14599216)
301,28559,spot-302,2019,MONKEYS,21.48374091,53.99780273,POINT (53.99780273 21.48374091)
302,370,spot-303,2019,african lion,21.5041855,54.28344727,POINT (54.28344727 21.5041855)
303,15864,spot-304,2019,african lion,22.07545935,50.76782227,POINT (50.76782227 22.07545935)
304,96953,spot-305,2019,TIGERS,21.85130211,50.63598633,POINT (50.63598633 21.85130211)
305,10462,spot-306,2019,TIGERS,22.56329324,50.72387695,POINT (50.72387695 22.56329324)
306,2639,spot-307,2019,DESER -lizard,22.45164882,50.95458984,POINT (50.95458984 22.45164882)
307,5678,spot-308,2019,TIGERS,22.40087159,50.8996582,POINT (50.8996582 22.40087159)
308,19048,spot-309,2019,TIGERS,22.50240746,50.7019043,POINT (50.7019043 22.50240746)
309,2960,spot-310,2019,african lion,22.47766495,50.78704834,POINT (50.78704834 22.47766495)
310,4398,spot-311,2019,Swainsons Hawk,22.52143715,50.92437744,POINT (50.92437744 22.52143715)
311,968,spot-312,2019,Swainsons Hawk,22.54934262,50.84403992,POINT (50.84403992 22.54934262)
312,969,spot-313,2019,Red-tail Hawk,22.54617183,50.78773499,POINT (50.78773499 22.54617183)
313,970,spot-314,2019,Swainsons Hawk,22.52080287,50.81039429,POINT (50.81039429 22.52080287)
314,971,spot-315,2019,Swainsons Hawk,22.52397424,50.76095581,POINT (50.76095581 22.52397424)
315,972,spot-316,2019,Swainsons Hawk,22.58231454,50.80284119,POINT (50.80284119 22.58231454)
316,973,spot-317,2019,Swainsons Hawk,22.58928836,50.87081909,POINT (50.87081909 22.58928836)
317,974,spot-318,2019,Red-tail Hawk,22.35515622,50.77331543,POINT (50.77331543 22.35515622)
318,370,spot-319,2019,Red-tail Hawk,22.35515622,50.53161621,POINT (50.53161621 22.35515622)
319,15864,spot-320,2019,Red-tail Hawk,22.55314748,50.49041748,POINT (50.49041748 22.55314748)
320,96953,spot-321,2019,Swainsons Hawk,22.67484735,50.7019043,POINT (50.7019043 22.67484735)
321,10462,spot-322,2019,Swainsons Hawk,22.61147544,50.61950684,POINT (50.61950684 22.61147544)
322,2639,spot-323,2019,MONKEYS,22.53792743,50.5947876,POINT (50.5947876 22.53792743)
323,5678,spot-324,2019,MONKEYS,25.47551282,45.03295898,POINT (45.03295898 25.47551282)
324,96953,spot-325,2019,BROWN BEAR,25.51517874,44.75830078,POINT (44.75830078 25.51517874)
325,96953,spot-326,2019,DESER -lizard,25.67618668,44.99725342,POINT (44.99725342 25.67618668)
326,974,spot-327,2019,BROWN BEAR,25.57465306,45.07415771,POINT (45.07415771 25.57465306)
327,974,spot-328,2019,BROWN BEAR,25.62914525,44.87365723,POINT (44.87365723 25.62914525)
328,96953,spot-329,2019,Swainsons Hawk,25.41350861,44.76928711,POINT (44.76928711 25.41350861)
329,96953,spot-330,2019,Swainsons Hawk,25.37132752,44.79675293,POINT (44.79675293 25.37132752)
330,15864,spot-331,2019,Swainsons Hawk,25.3514725,44.61273193,POINT (44.61273193 25.3514725)
331,15864,spot-332,2019,Red-tail Hawk,25.67866204,44.65118408,POINT (44.65118408 25.67866204)
332,15864,spot-333,2019,Swainsons Hawk,25.63162158,44.57702637,POINT (44.57702637 25.63162158)
333,2639,spot-334,2019,Swainsons Hawk,25.26208459,44.64569092,POINT (44.64569092 25.26208459)
334,15864,spot-335,2019,Red-tail Hawk,25.18754434,44.86816406,POINT (44.86816406 25.18754434)
335,15864,spot-336,2019,Red-tail Hawk,25.19748568,44.29962158,POINT (44.29962158 25.19748568)
336,96953,spot-337,2019,Red-tail Hawk,25.12041911,44.30511475,POINT (44.30511475 25.12041911)
337,96953,spot-338,2019,Swainsons Hawk,25.06072125,44.3270874,POINT (44.3270874 25.06072125)
338,972,spot-339,2019,Red-tail Hawk,25.19500042,44.23095703,POINT (44.23095703 25.19500042)
339,973,spot-340,2019,Red-tail Hawk,25.14279829,44.21447754,POINT (44.21447754 25.14279829)
340,974,spot-341,2019,SNAKES,25.09803582,44.28588867,POINT (44.28588867 25.09803582)
341,370,spot-342,2019,SNAKES,25.08062377,44.26940918,POINT (44.26940918 25.08062377)
342,15864,spot-343,2019,SNAKES,25.64400244,43.92608643,POINT (43.92608643 25.64400244)
343,96953,spot-344,2019,SNAKES,25.81225455,43.93707275,POINT (43.93707275 25.81225455)
344,10462,spot-345,2019,SNAKES,26.82652179,44.86541748,POINT (44.86541748 26.82652179)
345,2639,spot-346,2019,Red-tail Hawk,26.72598681,44.90386963,POINT (44.90386963 26.72598681)
346,5678,spot-347,2019,Swainsons Hawk,26.87553092,44.78851318,POINT (44.78851318 26.87553092)
347,96953,spot-348,2019,DESER -lizard,26.70145259,44.79400635,POINT (44.79400635 26.70145259)
348,96953,spot-349,2019,DESER -lizard,26.84612799,44.815979,POINT (44.815979 26.84612799)
349,974,spot-350,2019,DESER -lizard,26.79710614,44.49737549,POINT (44.49737549 26.79710614)
350,974,spot-351,2019,DESER -lizard,26.86083041,44.70611572,POINT (44.70611572 26.86083041)
351,96953,spot-352,2019,african lion,26.70145259,44.60174561,POINT (44.60174561 26.70145259)
352,96953,spot-353,2019,african lion,26.61308565,44.480896,POINT (44.480896 26.61308565)
353,15864,spot-354,2019,african lion,26.50007292,44.1897583,POINT (44.1897583 26.50007292)
354,15864,spot-355,2019,DESER -lizard,26.62536293,44.31335449,POINT (44.31335449 26.62536293)
355,15864,spot-356,2019,DESER -lizard,26.40171053,44.54681396,POINT (44.54681396 26.40171053)
356,2639,spot-357,2019,DESER -lizard,26.40171053,44.45343018,POINT (44.45343018 26.40171053)
357,15864,spot-358,2019,Swainsons Hawk,26.51727769,44.44244385,POINT (44.44244385 26.51727769)
358,15864,spot-359,2019,Swainsons Hawk,26.43368752,44.34631348,POINT (44.34631348 26.43368752)
359,96953,spot-360,2019,Red-tail Hawk,26.40417061,44.25018311,POINT (44.25018311 26.40417061)
360,96953,spot-361,2019,Swainsons Hawk,26.31803652,44.296875,POINT (44.296875 26.31803652)
361,2960,spot-362,2019,Red-tail Hawk,26.2269108,44.33807373,POINT (44.33807373 26.2269108)
362,4398,spot-363,2019,Swainsons Hawk,26.27863958,44.44244385,POINT (44.44244385 26.27863958)
363,968,spot-364,2019,Red-tail Hawk,27.57646008,43.86016846,POINT (43.86016846 27.57646008)
364,969,spot-365,2019,MONKEYS,27.73702278,44.63195801,POINT (44.63195801 27.73702278)
365,970,spot-366,2019,MONKEYS,27.97499795,44.42871094,POINT (44.42871094 27.97499795)
366,971,spot-367,2019,MONKEYS,27.98955087,44.42871094,POINT (44.42871094 27.98955087)
367,972,spot-368,2019,MONKEYS,27.87792833,44.68139648,POINT (44.68139648 27.87792833)
368,973,spot-369,2019,BROWN BEAR,27.87792833,44.45068359,POINT (44.45068359 27.87792833)
369,974,spot-370,2019,BROWN BEAR,27.46928747,43.56079102,POINT (43.56079102 27.46928747)
370,370,spot-371,2019,BROWN BEAR,26.99551347,43.43994141,POINT (43.43994141 26.99551347)
371,15864,spot-372,2019,SNAKES,27.45710216,43.79013062,POINT (43.79013062 27.45710216)
372,96953,spot-373,2019,SNAKES,27.55089429,43.80249023,POINT (43.80249023 27.55089429)
373,10462,spot-374,2019,SNAKES,27.73945373,43.77502441,POINT (43.77502441 27.73945373)
374,2639,spot-375,2019,SNAKES,27.80628369,43.67340088,POINT (43.67340088 27.80628369)
375,298630,spot-376,2019,Swainsons Hawk,27.88035614,43.57452393,POINT (43.57452393 27.88035614)
376,28559,spot-377,2019,Swainsons Hawk,27.70663128,43.51959229,POINT (43.51959229 27.70663128)
377,370,spot-378,2019,Red-tail Hawk,27.72972959,43.61846924,POINT (43.61846924 27.72972959)
378,15864,spot-379,2019,DESER -lizard,27.76862094,43.40286255,POINT (43.40286255 27.76862094)
379,96953,spot-380,2019,DESER -lizard,27.88157002,43.31497192,POINT (43.31497192 27.88157002)
380,10462,spot-381,2019,DESER -lizard,27.84514767,43.21334839,POINT (43.21334839 27.84514767)
381,2639,spot-382,2019,MONKEYS,27.81600099,42.99499512,POINT (42.99499512 27.81600099)
382,5678,spot-383,2019,MONKEYS,28.00288933,42.99362183,POINT (42.99362183 28.00288933)
383,19048,spot-384,2019,MONKEYS,28.07076856,43.19412231,POINT (43.19412231 28.07076856)
384,2960,spot-385,2019,MONKEYS,28.10711481,43.06365967,POINT (43.06365967 28.10711481)
385,4398,spot-386,2019,CHETAH ,28.02350005,43.18725586,POINT (43.18725586 28.02350005)
386,968,spot-387,2019,CHETAH ,28.0368343,43.00598145,POINT (43.00598145 28.0368343)
387,969,spot-388,2019,Swainsons Hawk,28.00410183,43.15704346,POINT (43.15704346 28.00410183)
388,970,spot-389,2019,Swainsons Hawk,28.29712582,42.93731689,POINT (42.93731689 28.29712582)
389,971,spot-390,2019,Red-tail Hawk,28.33823015,42.9057312,POINT (42.9057312 28.33823015)
390,972,spot-391,2019,Swainsons Hawk,28.2801959,42.86865234,POINT (42.86865234 28.2801959)
391,973,spot-392,2019,Swainsons Hawk,28.23906916,42.84118652,POINT (42.84118652 28.23906916)
392,974,spot-393,2019,african lion,28.11680507,42.70797729,POINT (42.70797729 28.11680507)
393,370,spot-394,2020,african lion,28.24269863,42.631073,POINT (42.631073 28.24269863)
394,15864,spot-395,2020,african lion,28.36723539,42.6612854,POINT (42.6612854 28.36723539)
395,96953,spot-396,2020,african lion,28.36723539,42.52120972,POINT (42.52120972 28.36723539)
396,10462,spot-397,2020,BROWN BEAR,31.70129796,38.80645752,POINT (38.80645752 31.70129796)
397,2639,spot-398,2020,african lion,31.6533814,38.84353638,POINT (38.84353638 31.6533814)
398,5678,spot-399,2020,african lion,31.60076161,38.75701904,POINT (38.75701904 31.60076161)
399,96953,spot-400,2020,african lion,31.63350631,38.6567688,POINT (38.6567688 31.63350631)
400,96953,spot-401,2020,Swainsons Hawk,31.61245747,38.58398438,POINT (38.58398438 31.61245747)
401,974,spot-402,2020,Swainsons Hawk,31.58906428,38.45901489,POINT (38.45901489 31.58906428)
402,974,spot-403,2020,Swainsons Hawk,31.51299586,38.63616943,POINT (38.63616943 31.51299586)
403,96953,spot-404,2020,Swainsons Hawk,31.46615372,38.37661743,POINT (38.37661743 31.46615372)
404,96953,spot-405,2020,Swainsons Hawk,31.50948351,38.44390869,POINT (38.44390869 31.50948351)
405,15864,spot-406,2020,Swainsons Hawk,31.5609847,38.2901001,POINT (38.2901001 31.5609847)
406,15864,spot-407,2020,Swainsons Hawk,31.42749129,38.16101074,POINT (38.16101074 31.42749129)
407,15864,spot-408,2020,DESER -lizard,31.35246418,38.09509277,POINT (38.09509277 31.35246418)
408,2639,spot-409,2020,DESER -lizard,31.49074876,38.28186035,POINT (38.28186035 31.49074876)
409,15864,spot-410,2020,DESER -lizard,31.49309081,38.15139771,POINT (38.15139771 31.49309081)
410,15864,spot-411,2020,Swainsons Hawk,31.64753623,38.14727783,POINT (38.14727783 31.64753623)
411,96953,spot-412,2020,Red-tail Hawk,31.48957772,37.98934937,POINT (37.98934937 31.48957772)
412,96953,spot-413,2020,Red-tail Hawk,31.45326801,38.08959961,POINT (38.08959961 31.45326801)
413,972,spot-414,2020,Swainsons Hawk,31.36536373,37.74078369,POINT (37.74078369 31.36536373)
414,973,spot-415,2020,Red-tail Hawk,31.37708906,37.99072266,POINT (37.99072266 31.37708906)
415,974,spot-416,2020,Red-tail Hawk,31.44975342,37.93029785,POINT (37.93029785 31.44975342)
416,370,spot-417,2020,Red-tail Hawk,31.33252503,37.85614014,POINT (37.85614014 31.33252503)
417,15864,spot-418,2020,Swainsons Hawk,31.43803717,37.83279419,POINT (37.83279419 31.43803717)
418,96953,spot-419,2020,Swainsons Hawk,31.35011862,37.63504028,POINT (37.63504028 31.35011862)
419,10462,spot-420,2020,Swainsons Hawk,31.42397574,37.60482788,POINT (37.60482788 31.42397574)
420,2639,spot-421,2020,Swainsons Hawk,31.53757859,37.70095825,POINT (37.70095825 31.53757859)
421,5678,spot-422,2020,Swainsons Hawk,31.48372227,37.60757446,POINT (37.60757446 31.48372227)
422,96953,spot-423,2020,Red-tail Hawk,31.45678247,37.52380371,POINT (37.52380371 31.45678247)
423,96953,spot-424,2020,Swainsons Hawk,31.50011661,37.38922119,POINT (37.38922119 31.50011661)
424,974,spot-425,2020,Swainsons Hawk,27.61540601,36.33796692,POINT (36.33796692 27.61540601)
425,974,spot-426,2020,Swainsons Hawk,27.60947374,36.33281708,POINT (36.33281708 27.60947374)
426,96953,spot-427,2020,Red-tail Hawk,27.59806461,36.29423618,POINT (36.29423618 27.59806461)
427,96953,spot-428,2020,MONKEYS,27.6026284,36.29500866,POINT (36.29500866 27.6026284)
428,15864,spot-429,2020,MONKEYS,27.60856105,36.28844261,POINT (36.28844261 27.60856105)
429,15864,spot-430,2020,MONKEYS,27.62745971,36.27642632,POINT (36.27642632 27.62745971)
430,15864,spot-431,2020,MONKEYS,27.79595811,36.2638092,POINT (36.2638092 27.79595811)
431,2639,spot-432,2020,DESER -lizard,27.74188463,36.22398376,POINT (36.22398376 27.74188463)
432,15864,spot-433,2020,DESER -lizard,27.74674627,36.29350662,POINT (36.29350662 27.74674627)
433,15864,spot-434,2020,DESER -lizard,27.80552449,36.17746353,POINT (36.17746353 27.80552449)
434,96953,spot-435,2020,Swainsons Hawk,27.77667093,36.16579056,POINT (36.16579056 27.77667093)
435,96953,spot-436,2020,Swainsons Hawk,29.03455927,39.17518616,POINT (39.17518616 29.03455927)
436,2960,spot-437,2020,Swainsons Hawk,28.83023778,39.26582336,POINT (39.26582336 28.83023778)
437,4398,spot-438,2020,Swainsons Hawk,28.80376678,38.84765625,POINT (38.84765625 28.80376678)
438,968,spot-439,2020,Swainsons Hawk,25.00939516,39.87796783,POINT (39.87796783 25.00939516)
439,969,spot-440,2020,Swainsons Hawk,25.02028431,39.98130798,POINT (39.98130798 25.02028431)
440,970,spot-441,2020,Swainsons Hawk,24.90979251,39.76741791,POINT (39.76741791 24.90979251)
441,971,spot-442,2020,Swainsons Hawk,24.99881621,39.78527069,POINT (39.78527069 24.99881621)
442,972,spot-443,2020,BROWN BEAR,24.82230152,39.1898632,POINT (39.1898632 24.82230152)
443,973,spot-444,2020,BROWN BEAR,24.82257417,39.20423985,POINT (39.20423985 24.82257417)
444,974,spot-445,2020,BROWN BEAR,24.83367456,39.18471336,POINT (39.18471336 24.83367456)
445,370,spot-446,2020,MONKEYS,24.83889335,39.17570114,POINT (39.17570114 24.83889335)
446,15864,spot-447,2020,MONKEYS,24.84901873,39.18437004,POINT (39.18437004 24.84901873)
447,96953,spot-448,2020,MONKEYS,24.87841657,39.12064075,POINT (39.12064075 24.87841657)
448,10462,spot-449,2020,MONKEYS,24.89352162,39.10853863,POINT (39.10853863 24.89352162)
449,2639,spot-450,2020,SNAKES,24.90870266,39.0846777,POINT (39.0846777 24.90870266)
450,298630,spot-451,2020,SNAKES,24.91991208,39.08626556,POINT (39.08626556 24.91991208)
451,28559,spot-452,2020,SNAKES,24.93917589,39.06725407,POINT (39.06725407 24.93917589)
452,370,spot-453,2020,SNAKES,25.20059218,39.2332077,POINT (39.2332077 25.20059218)
453,15864,spot-454,2020,TIGERS,25.21565759,39.2701149,POINT (39.2701149 25.21565759)
454,96953,spot-455,2020,TIGERS,25.17030041,39.23973083,POINT (39.23973083 25.17030041)
455,10462,spot-456,2020,TIGERS,25.1858356,39.20454025,POINT (39.20454025 25.1858356)
456,2639,spot-457,2020,TIGERS,20.77152302,49.31762695,POINT (49.31762695 20.77152302)
457,5678,spot-458,2020,Swainsons Hawk,20.25060191,48.98391724,POINT (48.98391724 20.25060191)
458,19048,spot-459,2020,Swainsons Hawk,20.63278425,49.05944824,POINT (49.05944824 20.63278425)
459,2960,spot-460,2020,MONKEYS,20.4733355,49.30114746,POINT (49.30114746 20.4733355)
460,4398,spot-461,2020,Swainsons Hawk,20.63278425,49.33410645,POINT (49.33410645 20.63278425)
461,968,spot-462,2020,Red-tail Hawk,20.98195674,48.98254395,POINT (48.98254395 20.98195674)
462,969,spot-463,2020,Red-tail Hawk,20.49906428,48.68591309,POINT (48.68591309 20.49906428)
463,970,spot-464,2020,Swainsons Hawk,20.80233659,48.66394043,POINT (48.66394043 20.80233659)
464,971,spot-465,2020,Swainsons Hawk,20.35492758,53.12988281,POINT (53.12988281 20.35492758)
465,972,spot-466,2020,Swainsons Hawk,20.37037726,52.70141602,POINT (52.70141602 20.37037726)
466,973,spot-467,2020,Swainsons Hawk,20.36522754,52.93762207,POINT (52.93762207 20.36522754)
467,974,spot-468,2020,SNAKES,20.15909827,53.0859375,POINT (53.0859375 20.15909827)
468,370,spot-469,2020,SNAKES,20.19519064,52.8717041,POINT (52.8717041 20.19519064)
469,15864,spot-470,2020,SNAKES,20.16941123,52.69592285,POINT (52.69592285 20.16941123)
470,96953,spot-471,2020,BROWN BEAR,20.05593127,53.09143066,POINT (53.09143066 20.05593127)
471,10462,spot-472,2020,BROWN BEAR,20.0301289,52.84423828,POINT (52.84423828 20.0301289)
472,2639,spot-473,2020,DESER -lizard,19.9526964,52.66845703,POINT (52.66845703 19.9526964)
473,5678,spot-474,2020,BROWN BEAR,19.74602424,53.09143066,POINT (53.09143066 19.74602424)
474,96953,spot-475,2020,BROWN BEAR,19.74602424,52.89367676,POINT (52.89367676 19.74602424)
475,96953,spot-476,2020,Swainsons Hawk,19.69948599,52.69592285,POINT (52.69592285 19.69948599)
476,974,spot-477,2020,Swainsons Hawk,21.95833036,53.45947266,POINT (53.45947266 21.95833036)
477,974,spot-478,2020,MONKEYS,23.34004925,40.34145355,POINT (40.34145355 23.34004925)
478,96953,spot-479,2020,Swainsons Hawk,23.31404035,40.33887863,POINT (40.33887863 23.31404035)
479,96953,spot-480,2020,Swainsons Hawk,23.34580205,40.33578873,POINT (40.33578873 23.34580205)
480,15864,spot-481,2020,Red-tail Hawk,23.38614342,40.33905029,POINT (40.33905029 23.38614342)
481,15864,spot-482,2020,Swainsons Hawk,23.38173168,40.32557487,POINT (40.32557487 23.38173168)
482,15864,spot-483,2020,CHETAH ,23.37290776,40.33364296,POINT (40.33364296 23.37290776)
483,2639,spot-484,2020,CHETAH ,23.36408325,40.31742096,POINT (40.31742096 23.36408325)
484,15864,spot-485,2020,DESER -lizard,25.24345381,37.38698959,POINT (37.38698959 25.24345381)
485,15864,spot-486,2020,CHETAH ,25.28583468,37.36656189,POINT (37.36656189 25.28583468)
486,96953,spot-487,2020,CHETAH ,25.32587333,37.32810974,POINT (37.32810974 25.32587333)
487,96953,spot-488,2020,african lion,25.28102295,37.34888077,POINT (37.34888077 25.28102295)
488,972,spot-489,2020,african lion,25.26022164,37.3758316,POINT (37.3758316 25.26022164)
489,973,spot-490,2020,african lion,25.29064623,37.31128693,POINT (37.31128693 25.29064623)
490,974,spot-491,2020,MONKEYS,25.50115772,37.28107452,POINT (37.28107452 25.50115772)
491,370,spot-492,2020,african lion,25.51014376,37.27021694,POINT (37.27021694 25.51014376)
492,15864,spot-493,2020,african lion,25.50266835,37.26515293,POINT (37.26515293 25.50266835)
493,96953,spot-494,2020,TIGERS,25.50627055,37.27382183,POINT (37.27382183 25.50627055)
494,10462,spot-495,2020,TIGERS,25.49685812,37.26987362,POINT (37.26987362 25.49685812)
495,2639,spot-496,2020,DESER -lizard,25.52172391,37.26420879,POINT (37.26420879 25.52172391)
496,5678,spot-497,2020,TIGERS,25.51328097,37.26438046,POINT (37.26438046 25.51328097)
497,96953,spot-498,2020,TIGERS,25.67309242,37.741642,POINT (37.741642 25.67309242)
498,96953,spot-499,2020,african lion,25.68995517,37.67967224,POINT (37.67967224 25.68995517)
499,974,spot-500,2020,Swainsons Hawk,25.69768958,37.64036179,POINT (37.64036179 25.69768958)
500,974,spot-501,2020,Swainsons Hawk,25.65498939,37.676754,POINT (37.676754 25.65498939)
501,96953,spot-502,2020,Red-tail Hawk,25.67417542,37.66954422,POINT (37.66954422 25.67417542)
502,96953,spot-503,2020,Swainsons Hawk,26.29672383,41.89099789,POINT (41.89099789 26.29672383)
503,15864,spot-504,2020,Swainsons Hawk,26.30618807,41.89335823,POINT (41.89335823 26.30618807)
504,15864,spot-505,2020,Swainsons Hawk,26.31215092,41.89056873,POINT (41.89056873 26.31215092)
505,15864,spot-506,2020,Swainsons Hawk,26.30041728,41.90872192,POINT (41.90872192 26.30041728)
506,2639,spot-507,2020,Red-tail Hawk,26.30834242,41.88898087,POINT (41.88898087 26.30834242)
507,15864,spot-508,2020,Red-tail Hawk,26.29930156,41.89876556,POINT (41.89876556 26.29930156)
508,15864,spot-509,2020,Red-tail Hawk,29.04656562,35.47485352,POINT (35.47485352 29.04656562)
509,96953,spot-510,2020,Swainsons Hawk,29.00934137,35.50094604,POINT (35.50094604 29.00934137)
510,96953,spot-511,2020,Swainsons Hawk,29.01894891,35.80444336,POINT (35.80444336 29.01894891)
511,2960,spot-512,2020,MONKEYS,28.85790483,35.67260742,POINT (35.67260742 28.85790483)
512,4398,spot-513,2020,MONKEYS,29.01534619,35.89645386,POINT (35.89645386 29.01534619)
513,968,spot-514,2020,BROWN BEAR,29.19053283,35.89645386,POINT (35.89645386 29.19053283)
514,969,spot-515,2020,DESER -lizard,29.18933394,35.62454224,POINT (35.62454224 29.18933394)
515,970,spot-516,2020,BROWN BEAR,29.37499498,38.22967529,POINT (38.22967529 29.37499498)
516,971,spot-517,2020,BROWN BEAR,29.30316622,38.63891602,POINT (38.63891602 29.30316622)
517,972,spot-518,2020,Swainsons Hawk,29.26962882,38.95751953,POINT (38.95751953 29.26962882)
518,973,spot-519,2020,Swainsons Hawk,29.11617493,38.69659424,POINT (38.69659424 29.11617493)
519,974,spot-520,2020,Swainsons Hawk,29.13776825,39.73205566,POINT (39.73205566 29.13776825)
520,370,spot-521,2020,Red-tail Hawk,29.61883345,39.4519043,POINT (39.4519043 29.61883345)
521,15864,spot-522,2020,Swainsons Hawk,28.87353946,39.54528809,POINT (39.54528809 28.87353946)
522,96953,spot-523,2020,Swainsons Hawk,29.25045964,39.41345215,POINT (39.41345215 29.25045964)
523,10462,spot-524,2020,Red-tail Hawk,28.78691809,39.76501465,POINT (39.76501465 28.78691809)
524,2639,spot-525,2020,Red-tail Hawk,29.02975633,39.50134277,POINT (39.50134277 29.02975633)
525,298630,spot-526,2020,Red-tail Hawk,29.95969381,39.46014404,POINT (39.46014404 29.95969381)
526,28559,spot-527,2021,Swainsons Hawk,24.27200498,44.44656372,POINT (44.44656372 24.27200498)
527,370,spot-528,2021,Red-tail Hawk,24.19937417,44.56741333,POINT (44.56741333 24.19937417)
528,15864,spot-529,2021,Red-tail Hawk,24.23444249,44.51248169,POINT (44.51248169 24.23444249)
529,96953,spot-530,2021,SNAKES,24.28577511,44.50149536,POINT (44.50149536 24.28577511)
530,10462,spot-531,2021,SNAKES,24.19248461,44.50698853,POINT (44.50698853 24.19248461)
531,2639,spot-532,2021,SNAKES,24.23381636,44.54475403,POINT (44.54475403 24.23381636)
532,5678,spot-533,2021,SNAKES,24.18810016,44.53170776,POINT (44.53170776 24.18810016)
533,19048,spot-534,2021,SNAKES,24.21941439,44.4493103,POINT (44.4493103 24.21941439)
534,2960,spot-535,2021,Red-tail Hawk,24.27200498,44.54269409,POINT (44.54269409 24.27200498)
535,4398,spot-536,2021,Swainsons Hawk,24.26324139,44.47883606,POINT (44.47883606 24.26324139)
536,968,spot-537,2021,DESER -lizard,24.23319022,44.47677612,POINT (44.47677612 24.23319022)
537,969,spot-538,2021,DESER -lizard,24.24195588,44.5955658,POINT (44.5955658 24.24195588)
538,970,spot-539,2021,DESER -lizard,24.28076796,44.57359314,POINT (44.57359314 24.28076796)
539,971,spot-540,2021,DESER -lizard,24.33333316,44.52140808,POINT (44.52140808 24.33333316)
540,972,spot-541,2021,african lion,24.32144532,44.46716309,POINT (44.46716309 24.32144532)
541,973,spot-542,2021,african lion,24.16304323,44.42459106,POINT (44.42459106 24.16304323)
542,974,spot-543,2021,african lion,24.18183639,44.4568634,POINT (44.4568634 24.18183639)
543,370,spot-544,2021,DESER -lizard,24.14800672,44.59625244,POINT (44.59625244 24.14800672)
544,15864,spot-545,2021,DESER -lizard,24.08846982,44.51728821,POINT (44.51728821 24.08846982)
545,96953,spot-546,2021,DESER -lizard,24.40713792,42.77252197,POINT (42.77252197 24.40713792)
546,10462,spot-547,2021,Swainsons Hawk,24.58958786,42.63244629,POINT (42.63244629 24.58958786)
547,2639,spot-548,2021,Swainsons Hawk,24.68320903,42.57888794,POINT (42.57888794 24.68320903)
548,5678,spot-549,2021,Red-tail Hawk,24.52713482,42.59674072,POINT (42.59674072 24.52713482)
549,96953,spot-550,2021,Swainsons Hawk,24.83908808,42.46902466,POINT (42.46902466 24.83908808)
550,96953,spot-551,2021,Red-tail Hawk,24.49964564,42.76290894,POINT (42.76290894 24.49964564)
551,974,spot-552,2021,Swainsons Hawk,24.54712318,42.81097412,POINT (42.81097412 24.54712318)
552,974,spot-553,2021,Red-tail Hawk,24.52838419,42.60772705,POINT (42.60772705 24.52838419)
553,96953,spot-554,2021,MONKEYS,24.5371294,42.71209717,POINT (42.71209717 24.5371294)
554,96953,spot-555,2021,MONKEYS,24.48589879,42.63381958,POINT (42.63381958 24.48589879)
555,15864,spot-556,2021,MONKEYS,24.61830581,42.58026123,POINT (42.58026123 24.61830581)
556,15864,spot-557,2021,MONKEYS,24.62579636,42.53356934,POINT (42.53356934 24.62579636)
557,15864,spot-558,2021,BROWN BEAR,24.70192483,42.48275757,POINT (42.48275757 24.70192483)
558,2639,spot-559,2021,BROWN BEAR,24.7780068,42.47451782,POINT (42.47451782 24.7780068)
559,15864,spot-560,2021,BROWN BEAR,24.8814533,42.4772644,POINT (42.4772644 24.8814533)
560,15864,spot-561,2021,SNAKES,25.13160921,42.43331909,POINT (42.43331909 25.13160921)
561,96953,spot-562,2021,SNAKES,25.30182069,42.45529175,POINT (42.45529175 25.30182069)
562,96953,spot-563,2021,SNAKES,25.49038907,42.59262085,POINT (42.59262085 25.49038907)
563,972,spot-564,2021,SNAKES,25.58456258,42.63381958,POINT (42.63381958 25.58456258)
564,973,spot-565,2021,Swainsons Hawk,25.47055365,42.40310669,POINT (42.40310669 25.47055365)
565,974,spot-566,2021,Swainsons Hawk,25.43459362,42.35778809,POINT (42.35778809 25.43459362)
566,370,spot-567,2021,Red-tail Hawk,25.43335343,42.45941162,POINT (42.45941162 25.43335343)
567,15864,spot-568,2021,DESER -lizard,25.40606596,42.42095947,POINT (42.42095947 25.40606596)
568,96953,spot-569,2021,DESER -lizard,25.43831412,42.50335693,POINT (42.50335693 25.43831412)
569,10462,spot-570,2021,DESER -lizard,25.48667018,42.42095947,POINT (42.42095947 25.48667018)
570,2639,spot-571,2021,MONKEYS,25.50030556,42.45391846,POINT (42.45391846 25.50030556)
571,5678,spot-572,2021,MONKEYS,25.47179346,42.61459351,POINT (42.61459351 25.47179346)
572,96953,spot-573,2021,MONKEYS,25.66380916,42.81509399,POINT (42.81509399 25.66380916)
573,96953,spot-574,2021,MONKEYS,25.65143035,42.7835083,POINT (42.7835083 25.65143035)
574,974,spot-575,2021,CHETAH ,25.66009565,42.87139893,POINT (42.87139893 25.66009565)
575,974,spot-576,2021,CHETAH ,25.63781217,42.85491943,POINT (42.85491943 25.63781217)
576,96953,spot-577,2021,Swainsons Hawk,25.56474273,42.80822754,POINT (42.80822754 25.56474273)
577,96953,spot-578,2021,Swainsons Hawk,25.6204777,42.80685425,POINT (42.80685425 25.6204777)
578,15864,spot-579,2021,Red-tail Hawk,25.38001307,42.63793945,POINT (42.63793945 25.38001307)
579,15864,spot-580,2021,Swainsons Hawk,25.4209508,42.62695313,POINT (42.62695313 25.4209508)
580,15864,spot-581,2021,Swainsons Hawk,25.26829421,42.52258301,POINT (42.52258301 25.26829421)
581,2639,spot-582,2021,african lion,25.30554528,42.3866272,POINT (42.3866272 25.30554528)
582,15864,spot-583,2021,african lion,25.27947073,42.36654282,POINT (42.36654282 25.27947073)
583,15864,spot-584,2021,african lion,25.25090646,42.43057251,POINT (42.43057251 25.25090646)
584,96953,spot-585,2021,african lion,25.27512443,42.45254517,POINT (42.45254517 25.27512443)
585,96953,spot-586,2021,BROWN BEAR,25.25028543,42.45803833,POINT (42.45803833 25.25028543)
586,2960,spot-587,2021,african lion,25.14093351,42.46627808,POINT (42.46627808 25.14093351)
587,4398,spot-588,2021,african lion,25.15709395,42.44979858,POINT (42.44979858 25.15709395)
588,968,spot-589,2021,african lion,25.12725762,42.45117188,POINT (42.45117188 25.12725762)
589,969,spot-590,2021,Swainsons Hawk,27.76619064,41.14379883,POINT (41.14379883 27.76619064)
590,970,spot-591,2021,Swainsons Hawk,27.58132908,40.96252441,POINT (40.96252441 27.58132908)
591,971,spot-592,2021,Swainsons Hawk,27.65920364,41.12182617,POINT (41.12182617 27.65920364)
592,972,spot-593,2021,Swainsons Hawk,27.53750031,40.97900391,POINT (40.97900391 27.53750031)
593,973,spot-594,2021,Swainsons Hawk,27.75160769,41.00097656,POINT (41.00097656 27.75160769)
594,974,spot-595,2021,Swainsons Hawk,27.62027328,41.2097168,POINT (41.2097168 27.62027328)
595,370,spot-596,2021,Swainsons Hawk,27.79535069,41.25915527,POINT (41.25915527 27.79535069)
596,15864,spot-597,2021,DESER -lizard,27.50339918,41.2097168,POINT (41.2097168 27.50339918)
597,96953,spot-598,2021,DESER -lizard,27.49852672,41.07788086,POINT (41.07788086 27.49852672)
598,10462,spot-599,2021,DESER -lizard,27.46928747,40.79772949,POINT (40.79772949 27.46928747)
599,2639,spot-600,2021,Swainsons Hawk,27.34249447,40.68237305,POINT (40.68237305 27.34249447)
600,298630,spot-601,2021,Red-tail Hawk,27.36201055,40.83618164,POINT (40.83618164 27.36201055)
601,28559,spot-602,2021,Red-tail Hawk,27.24974616,40.59448242,POINT (40.59448242 27.24974616)
602,370,spot-603,2021,Swainsons Hawk,27.76132987,40.91308594,POINT (40.91308594 27.76132987)
603,15864,spot-604,2021,Red-tail Hawk,27.71271026,40.67687988,POINT (40.67687988 27.71271026)
604,96953,spot-605,2021,Red-tail Hawk,27.56185178,40.47912598,POINT (40.47912598 27.56185178)
605,10462,spot-606,2021,Red-tail Hawk,27.48390807,40.72631836,POINT (40.72631836 27.48390807)
606,2639,spot-607,2021,Swainsons Hawk,27.51314344,40.56152344,POINT (40.56152344 27.51314344)
607,5678,spot-608,2021,Swainsons Hawk,27.62027328,40.77575684,POINT (40.77575684 27.62027328)
608,19048,spot-609,2021,Swainsons Hawk,27.24974616,40.94604492,POINT (40.94604492 27.24974616)
609,2960,spot-610,2021,Swainsons Hawk,27.17646913,40.74279785,POINT (40.74279785 27.17646913)
610,4398,spot-611,2021,Swainsons Hawk,27.38640081,40.39672852,POINT (40.39672852 27.38640081)
611,968,spot-612,2021,Red-tail Hawk,27.36688903,41.22070313,POINT (41.22070313 27.36688903)
612,969,spot-613,2021,Swainsons Hawk,27.41566203,41.06140137,POINT (41.06140137 27.41566203)
613,970,spot-614,2021,Swainsons Hawk,27.17158228,41.09985352,POINT (41.09985352 27.17158228)
614,971,spot-615,2021,Swainsons Hawk,20.47076238,45.97503662,POINT (45.97503662 20.47076238)
615,972,spot-616,2021,Red-tail Hawk,20.810039,46.50512695,POINT (46.50512695 20.810039)
616,973,spot-617,2021,MONKEYS,20.78436277,46.40625,POINT (46.40625 20.78436277)
617,974,spot-618,2021,MONKEYS,20.72529087,46.29364014,POINT (46.29364014 20.72529087)
618,370,spot-619,2021,MONKEYS,20.57108189,46.31835938,POINT (46.31835938 20.57108189)
619,15864,spot-620,2021,MONKEYS,20.23127464,46.10412598,POINT (46.10412598 20.23127464)
620,96953,spot-621,2021,DESER -lizard,20.1797235,46.56280518,POINT (46.56280518 20.1797235)
621,10462,spot-622,2021,DESER -lizard,19.99657949,46.42822266,POINT (46.42822266 19.99657949)
622,2639,spot-623,2021,DESER -lizard,19.95011466,46.18103027,POINT (46.18103027 19.95011466)
623,5678,spot-624,2021,Swainsons Hawk,20.14878463,46.24420166,POINT (46.24420166 20.14878463)
624,96953,spot-625,2021,Swainsons Hawk,20.42701281,46.32659912,POINT (46.32659912 20.42701281)
625,96953,spot-626,2021,Swainsons Hawk,20.62250226,46.84844971,POINT (46.84844971 20.62250226)
626,974,spot-627,2021,Swainsons Hawk,20.59679424,46.79077148,POINT (46.79077148 20.59679424)
627,974,spot-628,2021,Swainsons Hawk,20.43730795,46.61224365,POINT (46.61224365 20.43730795)
628,96953,spot-629,2021,Swainsons Hawk,20.63278425,46.43096924,POINT (46.43096924 20.63278425)
629,96953,spot-630,2021,Swainsons Hawk,20.64306555,46.63696289,POINT (46.63696289 20.64306555)
630,15864,spot-631,2021,Swainsons Hawk,20.56079574,46.09863281,POINT (46.09863281 20.56079574)
631,15864,spot-632,2021,BROWN BEAR,20.28280869,46.3458252,POINT (46.3458252 20.28280869)
632,15864,spot-633,2021,BROWN BEAR,20.3755268,46.57928467,POINT (46.57928467 20.3755268)
633,2639,spot-634,2021,BROWN BEAR,20.55050889,46.52160645,POINT (46.52160645 20.55050889)
634,15864,spot-635,2021,MONKEYS,20.17198936,46.86767578,POINT (46.86767578 20.17198936)
635,15864,spot-636,2021,MONKEYS,20.40127196,46.85668945,POINT (46.85668945 20.40127196)
636,96953,spot-637,2021,MONKEYS,20.51707186,46.74682617,POINT (46.74682617 20.51707186)
637,96953,spot-638,2021,MONKEYS,20.26735027,46.76879883,POINT (46.76879883 20.26735027)
638,972,spot-639,2021,SNAKES,20.01464545,46.71661377,POINT (46.71661377 20.01464545)
639,973,spot-640,2021,SNAKES,19.89330573,46.96380615,POINT (46.96380615 19.89330573)
640,974,spot-641,2021,SNAKES,19.63482709,46.76879883,POINT (46.76879883 19.63482709)
641,370,spot-642,2021,Swainsons Hawk,19.68138413,46.21673584,POINT (46.21673584 19.68138413)
642,15864,spot-643,2021,Swainsons Hawk,19.79513323,46.0546875,POINT (46.0546875 19.79513323)
643,96953,spot-644,2021,MONKEYS,20.02496792,45.96679688,POINT (45.96679688 20.02496792)
644,10462,spot-645,2021,Swainsons Hawk,20.25189031,45.84869385,POINT (45.84869385 20.25189031)
645,2639,spot-646,2021,Red-tail Hawk,19.72275681,45.61523438,POINT (45.61523438 19.72275681)
646,5678,spot-647,2021,Red-tail Hawk,20.04561083,45.78277588,POINT (45.78277588 20.04561083)
647,96953,spot-648,2021,Swainsons Hawk,19.96302293,45.65093994,POINT (45.65093994 19.96302293)
648,96953,spot-649,2021,Swainsons Hawk,19.88555748,45.82397461,POINT (45.82397461 19.88555748)
649,974,spot-650,2021,Swainsons Hawk,19.76153398,45.71960449,POINT (45.71960449 19.76153398)
650,974,spot-651,2021,Swainsons Hawk,19.88555748,45.58502197,POINT (45.58502197 19.88555748)
651,96953,spot-652,2021,SNAKES,19.86747675,45.85968018,POINT (45.85968018 19.86747675)
652,96953,spot-653,2021,SNAKES,19.70207181,45.68389893,POINT (45.68389893 19.70207181)
653,15864,spot-654,2021,SNAKES,20.0765701,45.71960449,POINT (45.71960449 20.0765701)
654,15864,spot-655,2021,BROWN BEAR,20.1152606,45.53833008,POINT (45.53833008 20.1152606)
655,15864,spot-656,2021,BROWN BEAR,20.0043223,45.49163818,POINT (45.49163818 20.0043223)
656,2639,spot-657,2021,DESER -lizard,19.88297465,45.52459717,POINT (45.52459717 19.88297465)
657,15864,spot-658,2021,BROWN BEAR,19.83389278,45.48614502,POINT (45.48614502 19.83389278)
658,15864,spot-659,2021,BROWN BEAR,19.57014214,45.48065186,POINT (45.48065186 19.57014214)
659,96953,spot-660,2021,Swainsons Hawk,19.7486093,45.8706665,POINT (45.8706665 19.7486093)
660,96953,spot-661,2021,Swainsons Hawk,19.52355289,45.85144043,POINT (45.85144043 19.52355289)
661,2960,spot-662,2021,MONKEYS,19.5675542,45.50537109,POINT (45.50537109 19.5675542)
662,4398,spot-663,2021,Swainsons Hawk,19.90621864,45.36804199,POINT (45.36804199 19.90621864)
663,968,spot-664,2021,Swainsons Hawk,20.26477372,45.26916504,POINT (45.26916504 20.26477372)
664,969,spot-665,2021,Red-tail Hawk,20.28538494,44.76379395,POINT (44.76379395 20.28538494)
665,970,spot-666,2021,Swainsons Hawk,20.23642882,44.79400635,POINT (44.79400635 20.23642882)
666,971,spot-667,2021,CHETAH ,20.29568953,45.01647949,POINT (45.01647949 20.29568953)
667,972,spot-668,2021,CHETAH ,19.94495105,44.71435547,POINT (44.71435547 19.94495105)
668,973,spot-669,2021,DESER -lizard,20.09204745,44.80224609,POINT (44.80224609 20.09204745)
669,974,spot-670,2021,CHETAH ,20.03787005,45.0769043,POINT (45.0769043 20.03787005)
670,370,spot-671,2021,CHETAH ,19.7770422,44.69238281,POINT (44.69238281 19.7770422)
671,15864,spot-672,2021,african lion,19.85972723,44.85168457,POINT (44.85168457 19.85972723)
672,96953,spot-673,2021,african lion,19.91396589,44.95880127,POINT (44.95880127 19.91396589)
673,10462,spot-674,2021,african lion,19.55720203,44.84344482,POINT (44.84344482 19.55720203)
674,2639,spot-675,2021,MONKEYS,19.71241464,45.0604248,POINT (45.0604248 19.71241464)
675,,spot-676,2021,african lion,19.64258753,44.94232178,POINT (44.94232178 19.64258753)
676,298630,spot-677,2021,african lion,19.58049348,44.99450684,POINT (44.99450684 19.58049348)
677,28559,spot-678,2021,TIGERS,19.64517427,45.15930176,POINT (45.15930176 19.64517427)
678,370,spot-679,2021,TIGERS,19.93462334,45.14556885,POINT (45.14556885 19.93462334)
679,15864,spot-680,2021,DESER -lizard,19.86489362,45.07141113,POINT (45.07141113 19.86489362)
680,96953,spot-681,2021,TIGERS,19.81063818,44.98901367,POINT (44.98901367 19.81063818)
681,10462,spot-682,2021,TIGERS,19.00499664,42.70111084,POINT (42.70111084 19.00499664)
682,2639,spot-683,2021,african lion,18.91278238,42.94692993,POINT (42.94692993 18.91278238)
683,5678,spot-684,2021,Swainsons Hawk,18.88030044,42.75741577,POINT (42.75741577 18.88030044)
684,19048,spot-685,2021,Swainsons Hawk,18.99850435,42.95791626,POINT (42.95791626 18.99850435)
685,2960,spot-686,2021,Red-tail Hawk,19.01668213,42.76428223,POINT (42.76428223 19.01668213)
686,4398,spot-687,2021,Swainsons Hawk,18.9465569,42.89199829,POINT (42.89199829 18.9465569)
687,968,spot-688,2021,Swainsons Hawk,18.86470688,42.84255981,POINT (42.84255981 18.86470688)
688,969,spot-689,2021,Swainsons Hawk,18.96603909,42.79586792,POINT (42.79586792 18.96603909)
689,970,spot-690,2021,Swainsons Hawk,19.06860769,42.87826538,POINT (42.87826538 19.06860769)
690,971,spot-691,2021,Red-tail Hawk,18.91148322,42.64480591,POINT (42.64480591 18.91148322)
691,972,spot-692,2021,Red-tail Hawk,18.86340735,42.91534424,POINT (42.91534424 18.86340735)
692,973,spot-693,2021,Red-tail Hawk,18.75941243,42.81646729,POINT (42.81646729 18.75941243)
693,974,spot-694,2021,Swainsons Hawk,18.94006233,42.78213501,POINT (42.78213501 18.94006233)
694,370,spot-695,2021,Swainsons Hawk,18.82831625,42.79037476,POINT (42.79037476 18.82831625)
695,15864,spot-696,2021,MONKEYS,18.86080826,42.69836426,POINT (42.69836426 18.86080826)
696,96953,spot-697,2021,MONKEYS,18.94006233,42.71347046,POINT (42.71347046 18.94006233)
697,10462,spot-698,2021,BROWN BEAR,18.79321783,42.69973755,POINT (42.69973755 18.79321783)
698,2639,spot-699,2021,DESER -lizard,18.76721427,42.73544312,POINT (42.73544312 18.76721427)
699,5678,spot-700,2021,BROWN BEAR,18.69698466,42.74917603,POINT (42.74917603 18.69698466)
700,96953,spot-701,2021,BROWN BEAR,18.8439132,43.04031372,POINT (43.04031372 18.8439132)
701,96953,spot-702,2021,Swainsons Hawk,18.95954528,43.10897827,POINT (43.10897827 18.95954528)
702,974,spot-703,2021,Swainsons Hawk,18.97383133,43.02108765,POINT (43.02108765 18.97383133)
703,974,spot-704,2021,Swainsons Hawk,18.90238885,43.0128479,POINT (43.0128479 18.90238885)
704,96953,spot-705,2021,Red-tail Hawk,18.83221563,42.95654297,POINT (42.95654297 18.83221563)
705,96953,spot-706,2021,Swainsons Hawk,18.80101811,42.97027588,POINT (42.97027588 18.80101811)
706,15864,spot-707,2021,Swainsons Hawk,18.7646137,42.85766602,POINT (42.85766602 18.7646137)
707,15864,spot-708,2021,Red-tail Hawk,19.137384,42.7684021,POINT (42.7684021 19.137384)
708,15864,spot-709,2021,Red-tail Hawk,18.86080826,43.23394775,POINT (43.23394775 18.86080826)
709,2639,spot-710,2021,Red-tail Hawk,18.7490094,43.02383423,POINT (43.02383423 18.7490094)
710,15864,spot-711,2021,Swainsons Hawk,18.70218785,42.92907715,POINT (42.92907715 18.70218785)
711,15864,spot-712,2021,Red-tail Hawk,18.67226731,42.66403198,POINT (42.66403198 18.67226731)
712,96953,spot-713,2021,Red-tail Hawk,18.91018406,42.43469238,POINT (42.43469238 18.91018406)
713,96953,spot-714,2021,SNAKES,17.96697659,44.57565308,POINT (44.57565308 17.96697659)
714,972,spot-715,2021,SNAKES,18.08972808,44.29550171,POINT (44.29550171 18.08972808)
715,973,spot-716,2021,SNAKES,18.1602061,44.5715332,POINT (44.5715332 18.1602061)
716,974,spot-717,2021,SNAKES,18.07014582,44.49325562,POINT (44.49325562 18.07014582)
717,370,spot-718,2021,SNAKES,17.95391289,44.2515564,POINT (44.2515564 17.95391289)
718,15864,spot-719,2021,Red-tail Hawk,17.76830447,44.26940918,POINT (44.26940918 17.76830447)
719,96953,spot-720,2021,Swainsons Hawk,17.67281088,44.36141968,POINT (44.36141968 17.67281088)
720,10462,spot-721,2021,DESER -lizard,17.90687558,44.36416626,POINT (44.36416626 17.90687558)
721,2639,spot-722,2021,DESER -lizard,18.03880966,44.41085815,POINT (44.41085815 18.03880966)
722,5678,spot-723,2021,DESER -lizard,18.02313949,44.58114624,POINT (44.58114624 18.02313949)
723,96953,spot-724,2021,DESER -lizard,18.00354981,44.51522827,POINT (44.51522827 18.00354981)
724,96953,spot-725,2021,african lion,17.85459727,44.56466675,POINT (44.56466675 17.85459727)
725,974,spot-726,2021,african lion,18.14715676,44.54269409,POINT (44.54269409 18.14715676)
726,974,spot-727,2021,african lion,17.98918266,44.68139648,POINT (44.68139648 17.98918266)
727,96953,spot-728,2021,DESER -lizard,18.20978472,44.68688965,POINT (44.68688965 18.20978472)
728,96953,spot-729,2021,DESER -lizard,18.12888604,44.50012207,POINT (44.50012207 18.12888604)
729,15864,spot-730,2021,DESER -lizard,18.21239373,44.58114624,POINT (44.58114624 18.21239373)
730,15864,spot-731,2021,Swainsons Hawk,17.87289643,44.68002319,POINT (44.68002319 17.87289643)
731,15864,spot-732,2021,Swainsons Hawk,18.00616189,44.25979614,POINT (44.25979614 18.00616189)
732,2639,spot-733,2021,Red-tail Hawk,18.10539232,44.62509155,POINT (44.62509155 18.10539232)
733,15864,spot-734,2021,Swainsons Hawk,17.71075278,44.61410522,POINT (44.61410522 17.71075278)
734,15864,spot-735,2021,Red-tail Hawk,17.73953093,44.76791382,POINT (44.76791382 17.73953093)
735,96953,spot-736,2021,Swainsons Hawk,17.70944457,44.13070679,POINT (44.13070679 17.70944457)
736,96953,spot-737,2021,Red-tail Hawk,17.84413976,44.05105591,POINT (44.05105591 17.84413976)
737,2960,spot-738,2021,MONKEYS,18.07928448,44.14855957,POINT (44.14855957 18.07928448)
738,2960,spot-738,2021,MONKEYS,18.07928448,44.14855957,POINT (44.14855957 18.07928448)
739,15864,spot-719,2021,Red-tail Hawk,17.76830447,44.26940918,POINT (44.26940918 17.76830447)
740,96953,spot-720,2021,Swainsons Hawk,17.67281088,44.36141968,POINT (44.36141968 17.67281088)
741,10462,spot-721,2021,DESER -lizard,17.90687558,44.36416626,POINT (44.36416626 17.90687558)
742,2639,spot-722,2021,DESER -lizard,18.03880966,44.41085815,POINT (44.41085815 18.03880966)
743,5678,spot-723,2021,DESER -lizard,18.02313949,44.58114624,POINT (44.58114624 18.02313949)
744,96953,spot-724,2021,DESER -lizard,18.00354981,44.51522827,POINT (44.51522827 18.00354981)
745,96953,spot-725,2021,african lion,17.85459727,44.56466675,POINT (44.56466675 17.85459727)
746,974,spot-726,2021,african lion,18.14715676,44.54269409,POINT (44.54269409 18.14715676)
747,974,spot-727,2021,african lion,17.98918266,44.68139648,POINT (44.68139648 17.98918266)
748,96953,spot-728,2021,DESER -lizard,18.20978472,44.68688965,POINT (44.68688965 18.20978472)
749,96953,spot-729,2021,DESER -lizard,18.12888604,44.50012207,POINT (44.50012207 18.12888604)
750,15864,spot-730,2021,DESER -lizard,18.21239373,44.58114624,POINT (44.58114624 18.21239373)
751,15864,spot-731,2021,Swainsons Hawk,17.87289643,44.68002319,POINT (44.68002319 17.87289643)
752,15864,spot-732,2021,Swainsons Hawk,18.00616189,44.25979614,POINT (44.25979614 18.00616189)
753,2639,spot-733,2021,Red-tail Hawk,18.10539232,44.62509155,POINT (44.62509155 18.10539232)
754,15864,spot-734,2021,Swainsons Hawk,17.71075278,44.61410522,POINT (44.61410522 17.71075278)
755,15864,spot-735,2021,Red-tail Hawk,17.73953093,44.76791382,POINT (44.76791382 17.73953093)
756,96953,spot-736,2021,Swainsons Hawk,17.70944457,44.13070679,POINT (44.13070679 17.70944457)
757,96953,spot-737,2021,Red-tail Hawk,17.84413976,44.05105591,POINT (44.05105591 17.84413976)
758,2960,spot-738,2021,MONKEYS,18.07928448,44.14855957,POINT (44.14855957 18.07928448)
759,972,spot-668,2021,CHETAH ,19.94495105,44.71435547,POINT (44.71435547 19.94495105)
760,973,spot-669,2021,DESER -lizard,20.09204745,44.80224609,POINT (44.80224609 20.09204745)
761,974,spot-670,2021,CHETAH ,20.03787005,45.0769043,POINT (45.0769043 20.03787005)
762,370,spot-671,2021,CHETAH ,19.7770422,44.69238281,POINT (44.69238281 19.7770422)
763,15864,spot-672,2021,african lion,19.85972723,44.85168457,POINT (44.85168457 19.85972723)
764,96953,spot-673,2021,african lion,19.91396589,44.95880127,POINT (44.95880127 19.91396589)
765,10462,spot-674,2021,african lion,19.55720203,44.84344482,POINT (44.84344482 19.55720203)
766,2639,spot-675,2021,MONKEYS,19.71241464,45.0604248,POINT (45.0604248 19.71241464)
767,,spot-676,2021,african lion,19.64258753,44.94232178,POINT (44.94232178 19.64258753)
768,298630,spot-677,2021,african lion,19.58049348,44.99450684,POINT (44.99450684 19.58049348)
769,28559,spot-678,2021,TIGERS,19.64517427,45.15930176,POINT (45.15930176 19.64517427)
770,370,spot-679,2021,TIGERS,19.93462334,45.14556885,POINT (45.14556885 19.93462334)
771,15864,spot-680,2021,DESER -lizard,19.86489362,45.07141113,POINT (45.07141113 19.86489362)
772,96953,spot-681,2021,TIGERS,19.81063818,44.98901367,POINT (44.98901367 19.81063818)
773,10462,spot-682,2021,TIGERS,19.00499664,42.70111084,POINT (42.70111084 19.00499664)
774,2639,spot-683,2021,african lion,18.91278238,42.94692993,POINT (42.94692993 18.91278238)
775,5678,spot-684,2021,Swainsons Hawk,18.88030044,42.75741577,POINT (42.75741577 18.88030044)
776,19048,spot-685,2021,Swainsons Hawk,18.99850435,42.95791626,POINT (42.95791626 18.99850435)
777,2960,spot-686,2021,Red-tail Hawk,19.01668213,42.76428223,POINT (42.76428223 19.01668213)
778,4398,spot-687,2021,Swainsons Hawk,18.9465569,42.89199829,POINT (42.89199829 18.9465569)
779,968,spot-688,2021,Swainsons Hawk,18.86470688,42.84255981,POINT (42.84255981 18.86470688)
780,969,spot-689,2021,Swainsons Hawk,18.96603909,42.79586792,POINT (42.79586792 18.96603909)
781,970,spot-690,2021,Swainsons Hawk,19.06860769,42.87826538,POINT (42.87826538 19.06860769)
782,971,spot-691,2021,Red-tail Hawk,18.91148322,42.64480591,POINT (42.64480591 18.91148322)
783,972,spot-692,2021,Red-tail Hawk,18.86340735,42.91534424,POINT (42.91534424 18.86340735)
784,973,spot-693,2021,Red-tail Hawk,18.75941243,42.81646729,POINT (42.81646729 18.75941243)
785,974,spot-694,2021,Swainsons Hawk,18.94006233,42.78213501,POINT (42.78213501 18.94006233)
786,370,spot-695,2021,Swainsons Hawk,18.82831625,42.79037476,POINT (42.79037476 18.82831625)
787,15864,spot-696,2021,MONKEYS,18.86080826,42.69836426,POINT (42.69836426 18.86080826)
788,96953,spot-697,2021,MONKEYS,18.94006233,42.71347046,POINT (42.71347046 18.94006233)
789,10462,spot-698,2021,BROWN BEAR,18.79321783,42.69973755,POINT (42.69973755 18.79321783)
790,2639,spot-699,2021,DESER -lizard,18.76721427,42.73544312,POINT (42.73544312 18.76721427)
791,5678,spot-700,2021,BROWN BEAR,18.69698466,42.74917603,POINT (42.74917603 18.69698466)
792,96953,spot-701,2021,BROWN BEAR,18.8439132,43.04031372,POINT (43.04031372 18.8439132)
793,96953,spot-702,2021,Swainsons Hawk,18.95954528,43.10897827,POINT (43.10897827 18.95954528)
794,974,spot-703,2021,Swainsons Hawk,18.97383133,43.02108765,POINT (43.02108765 18.97383133)
795,974,spot-704,2021,Swainsons Hawk,18.90238885,43.0128479,POINT (43.0128479 18.90238885)
796,96953,spot-705,2021,Red-tail Hawk,18.83221563,42.95654297,POINT (42.95654297 18.83221563)
797,96953,spot-706,2021,Swainsons Hawk,18.80101811,42.97027588,POINT (42.97027588 18.80101811)
798,15864,spot-707,2021,Swainsons Hawk,18.7646137,42.85766602,POINT (42.85766602 18.7646137)
799,15864,spot-636,2021,MONKEYS,20.40127196,46.85668945,POINT (46.85668945 20.40127196)
800,96953,spot-637,2021,MONKEYS,20.51707186,46.74682617,POINT (46.74682617 20.51707186)
801,96953,spot-638,2021,MONKEYS,20.26735027,46.76879883,POINT (46.76879883 20.26735027)
802,972,spot-639,2021,SNAKES,20.01464545,46.71661377,POINT (46.71661377 20.01464545)
803,973,spot-640,2021,SNAKES,19.89330573,46.96380615,POINT (46.96380615 19.89330573)
804,974,spot-641,2021,SNAKES,19.63482709,46.76879883,POINT (46.76879883 19.63482709)
805,370,spot-642,2021,Swainsons Hawk,19.68138413,46.21673584,POINT (46.21673584 19.68138413)
806,96953,spot-44,2011,Red-tail Hawk,28.453298,40.89694977,POINT (40.89694977 28.453298)
807,10462,spot-45,2011,Red-tail Hawk,28.47985758,40.95891953,POINT (40.95891953 28.47985758)
808,2639,spot-46,2011,Swainsons Hawk,29.05136777,40.43518066,POINT (40.43518066 29.05136777)
809,5678,spot-47,2011,Swainsons Hawk,26.72843994,45.85487366,POINT (45.85487366 26.72843994)
810,96953,spot-48,2011,Swainsons Hawk,26.76461749,45.82878113,POINT (45.82878113 26.76461749)
811,96953,spot-49,2011,Swainsons Hawk,26.85838014,45.87409973,POINT (45.87409973 26.85838014)
812,974,spot-50,2011,SNAKES,26.77503939,44.65393066,POINT (44.65393066 26.77503939)
813,974,spot-51,2011,SNAKES,26.56887655,45.8404541,POINT (45.8404541 26.56887655)
814,96953,spot-52,2011,SNAKES,26.91962097,44.6182251,POINT (44.6182251 26.91962097)
815,96953,spot-21,2011,CHETAH ,19.89072302,47.74246216,POINT (47.74246216 19.89072302)
816,10462,spot-22,2011,CHETAH ,19.8687683,47.66418457,POINT (47.66418457 19.8687683)
817,2639,spot-23,2011,Swainsons Hawk,19.95785975,47.60375977,POINT (47.60375977 19.95785975)
818,5678,spot-24,2011,Swainsons Hawk,20.07012076,47.64083862,POINT (47.64083862 20.07012076)
819,96953,spot-25,2011,Swainsons Hawk,19.94366013,47.40600586,POINT (47.40600586 19.94366013)
820,96953,spot-26,2011,DESER -lizard,18.49002857,46.41723633,POINT (46.41723633 18.49002857)
821,974,spot-27,2011,Swainsons Hawk,19.63224019,46.41723633,POINT (46.41723633 19.63224019)
822,974,spot-28,2011,Swainsons Hawk,24.66449041,50.20751953,POINT (50.20751953 24.66449041)
823,96953,spot-29,2011,african lion,24.77426616,50.21850586,POINT (50.21850586 24.77426616)
824,96953,spot-30,2011,african lion,24.72235305,50.00101089,POINT (50.00101089 24.72235305)
825,15864,spot-31,2011,MONKEYS,24.71658359,50.01749039,POINT (50.01749039 24.71658359)
826,15864,spot-32,2011,african lion,24.73669758,50.01817703,POINT (50.01817703 24.73669758)
827,15864,spot-33,2011,african lion,24.90138485,49.9822998,POINT (49.9822998 24.90138485)
828,2639,spot-34,2011,SNAKES,24.10539365,51.10290527,POINT (51.10290527 24.10539365)
829,15864,spot-35,2011,SNAKES,24.13672817,50.98068237,POINT (50.98068237 24.13672817)
830,15864,spot-36,2011,SNAKES,19.9328482,51.01552963,POINT (51.01552963 19.9328482)
831,96953,spot-37,2011,SNAKES,19.87845458,50.96420288,POINT (50.96420288 19.87845458)
832,96953,spot-38,2011,african lion,19.85972723,51.12487793,POINT (51.12487793 19.85972723)
833,972,spot-39,2011,Swainsons Hawk,20.02496792,51.14685059,POINT (51.14685059 20.02496792)
834,973,spot-40,2011,Swainsons Hawk,20.98708558,51.59729004,POINT (51.59729004 20.98708558)
835,974,spot-41,2011,Swainsons Hawk,28.34729514,40.74108124,POINT (40.74108124 28.34729514)
836,370,spot-42,2011,MONKEYS,28.35938059,40.75481415,POINT (40.75481415 28.35938059)
837,15864,spot-43,2011,Swainsons Hawk,28.32312011,40.9412384,POINT (40.9412384 28.32312011)
838,96953,spot-44,2011,Red-tail Hawk,28.453298,40.89694977,POINT (40.89694977 28.453298)
839,10462,spot-45,2011,Red-tail Hawk,28.47985758,40.95891953,POINT (40.95891953 28.47985758)
840,2639,spot-46,2011,Swainsons Hawk,29.05136777,40.43518066,POINT (40.43518066 29.05136777)
841,5678,spot-47,2011,Swainsons Hawk,26.72843994,45.85487366,POINT (45.85487366 26.72843994)
842,96953,spot-48,2011,Swainsons Hawk,26.76461749,45.82878113,POINT (45.82878113 26.76461749)
843,96953,spot-49,2011,Swainsons Hawk,26.85838014,45.87409973,POINT (45.87409973 26.85838014)
844,974,spot-50,2011,SNAKES,26.77503939,44.65393066,POINT (44.65393066 26.77503939)
845,974,spot-51,2011,SNAKES,26.56887655,45.8404541,POINT (45.8404541 26.56887655)
846,96953,spot-52,2011,SNAKES,26.91962097,44.6182251,POINT (44.6182251 26.91962097)
847,96953,spot-53,2011,BROWN BEAR,28.57246199,41.76727295,POINT (41.76727295 28.57246199)
848,15864,spot-54,2011,BROWN BEAR,28.77006667,41.70135498,POINT (41.70135498 28.77006667)
849,15864,spot-55,2011,DESER -lizard,27.96529492,41.49261475,POINT (41.49261475 27.96529492)
850,15864,spot-56,2011,BROWN BEAR,28.12528332,39.67987061,POINT (39.67987061 28.12528332)
851,2639,spot-57,2011,BROWN BEAR,29.42576829,38.07337761,POINT (38.07337761 29.42576829)
852,15864,spot-58,2011,Swainsons Hawk,29.29118984,38.10745239,POINT (38.10745239 29.29118984)
853,15864,spot-59,2011,Swainsons Hawk,29.38397002,38.15208435,POINT (38.15208435 29.38397002)
854,96953,spot-60,2011,MONKEYS,29.36183017,38.01132202,POINT (38.01132202 29.36183017)
855,96953,spot-61,2011,Swainsons Hawk,18.70739089,44.85580444,POINT (44.85580444 18.70739089)
856,2960,spot-62,2011,Swainsons Hawk,19.55461389,44.48364258,POINT (44.48364258 19.55461389)
857,4398,spot-63,2011,Red-tail Hawk,20.75611387,44.92858887,POINT (44.92858887 20.75611387)
858,968,spot-64,2011,Swainsons Hawk,21.3456649,43.17077637,POINT (43.17077637 21.3456649)
859,969,spot-65,2011,CHETAH ,22.21792017,43.11035156,POINT (43.11035156 22.21792017)
860,970,spot-66,2011,CHETAH ,22.25859674,42.6763916,POINT (42.6763916 22.25859674)
861,971,spot-67,2011,DESER -lizard,22.60386884,42.87963867,POINT (42.87963867 22.60386884)
862,972,spot-68,2011,CHETAH ,25.09492671,42.75226593,POINT (42.75226593 25.09492671)
863,973,spot-69,2011,CHETAH ,25.15585092,42.7337265,POINT (42.7337265 25.15585092)
864,974,spot-70,2011,african lion,25.1418659,42.71003723,POINT (42.71003723 25.1418659)
865,370,spot-71,2011,african lion,25.1145128,42.84187317,POINT (42.84187317 25.1145128)
866,15864,spot-72,2011,african lion,25.08031282,42.91122437,POINT (42.91122437 25.08031282)
867,96953,spot-73,2011,MONKEYS,24.67197819,48.12561035,POINT (48.12561035 24.67197819)
868,10462,spot-74,2011,african lion,23.99628979,48.37280273,POINT (48.37280273 23.99628979)
869,2639,spot-75,2011,african lion,22.93310075,48.25744629,POINT (48.25744629 22.93310075)
870,298630,spot-76,2011,TIGERS,23.40780608,48.32885742,POINT (48.32885742 23.40780608)
871,28559,spot-77,2011,TIGERS,24.52713482,48.14758301,POINT (48.14758301 24.52713482)
872,370,spot-78,2011,DESER -lizard,25.03086141,48.02124023,POINT (48.02124023 25.03086141)
873,15864,spot-79,2011,TIGERS,25.05076878,48.25195313,POINT (48.25195313 25.05076878)
874,96953,spot-80,2011,TIGERS,25.47799232,44.47265625,POINT (44.47265625 25.47799232)
875,10462,spot-81,2011,african lion,25.44079439,44.57427979,POINT (44.57427979 25.44079439)
876,2639,spot-82,2011,Swainsons Hawk,25.51517874,45.09613037,POINT (45.09613037 25.51517874)
877,5678,spot-83,2011,Swainsons Hawk,25.67123583,44.94781494,POINT (44.94781494 25.67123583)
878,19048,spot-84,2011,Red-tail Hawk,25.14279829,44.77478027,POINT (44.77478027 25.14279829)
879,2960,spot-85,2011,Swainsons Hawk,25.72073513,43.98651123,POINT (43.98651123 25.72073513)
880,4398,spot-86,2011,Swainsons Hawk,25.90679155,40.46779633,POINT (40.46779633 25.90679155)
881,968,spot-87,2011,Swainsons Hawk,25.93581714,40.62469482,POINT (40.62469482 25.93581714)
882,969,spot-88,2011,Swainsons Hawk,26.25893609,40.25939941,POINT (40.25939941 26.25893609)
883,970,spot-89,2011,Red-tail Hawk,26.74561038,40.63293457,POINT (40.63293457 26.74561038)
884,971,spot-90,2011,Red-tail Hawk,26.50498883,38.99047852,POINT (38.99047852 26.50498883)
885,972,spot-91,2011,Red-tail Hawk,26.18008872,38.63342285,POINT (38.63342285 26.18008872)
886,973,spot-92,2011,Swainsons Hawk,26.69654511,40.11657715,POINT (40.11657715 26.69654511)
887,974,spot-93,2011,Swainsons Hawk,23.52590358,38.97760391,POINT (38.97760391 23.52590358)
888,370,spot-94,2011,MONKEYS,23.49638911,38.92507553,POINT (38.92507553 23.49638911)
889,15864,spot-95,2011,MONKEYS,23.49536583,38.96052361,POINT (38.96052361 23.49536583)
890,96953,spot-96,2011,BROWN BEAR,23.52070951,38.94318581,POINT (38.94318581 23.52070951)
891,10462,spot-97,2011,DESER -lizard,23.441514,38.91838074,POINT (38.91838074 23.441514)
892,2639,spot-98,2011,BROWN BEAR,23.47174931,38.95133972,POINT (38.95133972 23.47174931)
893,5678,spot-99,2011,BROWN BEAR,23.49095773,38.94138336,POINT (38.94138336 23.49095773)
894,96953,spot-100,2011,Swainsons Hawk,23.57531564,38.94824982,POINT (38.94824982 23.57531564)
895,96953,spot-101,2011,Swainsons Hawk,24.63297439,40.97316742,POINT (40.97316742 24.63297439)
896,974,spot-102,2011,Swainsons Hawk,24.61206334,40.98724365,POINT (40.98724365 24.61206334)
897,974,spot-103,2011,Red-tail Hawk,24.58490496,40.86639404,POINT (40.86639404 24.58490496)
898,96953,spot-104,2011,Swainsons Hawk,24.68227316,40.87944031,POINT (40.87944031 24.68227316)
899,96953,spot-105,2011,Swainsons Hawk,24.78455266,40.96630096,POINT (40.96630096 24.78455266)
900,15864,spot-106,2011,Red-tail Hawk,24.85030381,40.88493347,POINT (40.88493347 24.85030381)
901,15864,spot-107,2011,Red-tail Hawk,24.9636502,41.04629517,POINT (41.04629517 24.9636502)
902,15864,spot-108,2011,Red-tail Hawk,23.23125092,49.58129883,POINT (49.58129883 23.23125092)
903,2639,spot-109,2011,Swainsons Hawk,22.88756222,51.89941406,POINT (51.89941406 22.88756222)
904,15864,spot-110,2011,Red-tail Hawk,20.27250325,54.43725586,POINT (54.43725586 20.27250325)
905,15864,spot-111,2011,Red-tail Hawk,28.26175131,36.98719025,POINT (36.98719025 28.26175131)
906,96953,spot-112,2011,SNAKES,28.35786998,36.96762085,POINT (36.96762085 28.35786998)
907,96953,spot-113,2011,SNAKES,28.38113093,37.05482483,POINT (37.05482483 28.38113093)
908,972,spot-114,2011,SNAKES,28.39124936,37.01242447,POINT (37.01242447 28.39124936)
909,973,spot-115,2011,SNAKES,28.31118166,36.96950912,POINT (36.96950912 28.31118166)
910,974,spot-116,2011,SNAKES,28.3010556,36.98513031,POINT (36.98513031 28.3010556)
911,370,spot-117,2011,Red-tail Hawk,28.32599118,37.04675674,POINT (37.04675674 28.32599118)
912,15864,spot-118,2011,Swainsons Hawk,28.30800793,42.75466919,POINT (42.75466919 28.30800793)
913,96953,spot-119,2011,DESER -lizard,28.32735114,42.16827393,POINT (42.16827393 28.32735114)
914,10462,spot-120,2011,DESER -lizard,28.11074876,42.43743896,POINT (42.43743896 28.11074876)
915,2639,spot-121,2011,DESER -lizard,27.97984915,42.73956299,POINT (42.73956299 27.97984915)
916,5678,spot-122,2011,DESER -lizard,28.83745598,42.94281006,POINT (42.94281006 28.83745598)
917,96953,spot-123,2011,african lion,28.71467859,41.75628662,POINT (41.75628662 28.71467859)
918,96953,spot-124,2011,african lion,28.13981591,41.90734863,POINT (41.90734863 28.13981591)
919,974,spot-125,2011,african lion,27.93375402,39.73480225,POINT (39.73480225 27.93375402)
920,974,spot-126,2011,DESER -lizard,27.63487379,39.50683594,POINT (39.50683594 27.63487379)
921,96953,spot-127,2011,DESER -lizard,28.03562216,39.28985596,POINT (39.28985596 28.03562216)
922,96953,spot-128,2011,DESER -lizard,27.93860706,39.41619873,POINT (39.41619873 27.93860706)
923,15864,spot-129,2011,Swainsons Hawk,27.93375402,38.98223877,POINT (38.98223877 27.93375402)
924,15864,spot-130,2011,Swainsons Hawk,27.54237104,39.17724609,POINT (39.17724609 27.54237104)
925,15864,spot-131,2011,Red-tail Hawk,27.46685052,38.1362915,POINT (38.1362915 27.46685052)
926,2639,spot-132,2011,Swainsons Hawk,27.32785515,39.50134277,POINT (39.50134277 27.32785515)
927,15864,spot-133,2011,Red-tail Hawk,29.44916483,40.46264648,POINT (40.46264648 29.44916483)
928,15864,spot-134,2011,Swainsons Hawk,29.52567043,40.20996094,POINT (40.20996094 29.52567043)
929,96953,spot-135,2011,Red-tail Hawk,29.42046034,40.25390625,POINT (40.25390625 29.42046034)
930,96953,spot-136,2011,MONKEYS,29.35345167,40.11108398,POINT (40.11108398 29.35345167)
931,298630,spot-1,2011,african lion,24.18684743,51.08642578,POINT (51.08642578 24.18684743)
932,298630,spot-1,2011,african lion,24.18684743,51.08642578,POINT (51.08642578 24.18684743)
933,28559,spot-2,2011,african lion,20.71501515,50.31738281,POINT (50.31738281 20.71501515)
934,370,spot-3,2011,Swainsons Hawk,18.16673041,46.29638672,POINT (46.29638672 18.16673041)
935,15864,spot-4,2011,SNAKES,19.80805413,41.37451172,POINT (41.37451172 19.80805413)
936,96953,spot-5,2011,SNAKES,27.000408,46.20849609,POINT (46.20849609 27.000408)
937,10462,spot-6,2011,TIGERS,22.87744046,46.09863281,POINT (46.09863281 22.87744046)
938,2639,spot-7,2011,SNAKES,19.40961155,48.49365234,POINT (48.49365234 19.40961155)
939,5678,spot-8,2011,SNAKES,21.90227797,48.40576172,POINT (48.40576172 21.90227797)
940,19048,spot-9,2011,african lion,22.41102852,50.64697266,POINT (50.64697266 22.41102852)
